<?xml version="1.0" encoding="UTF-8"?>
<rdf:RDF xmlns:adms="http://www.w3.org/ns/adms#" 
    xmlns:cc="http://creativecommons.org/ns#" 
    xmlns:crm="http://www.cidoc-crm.org/rdfs/cidoc_crm/" 
    xmlns:dc="http://purl.org/dc/elements/1.1/" 
    xmlns:dcterms="http://purl.org/dc/terms/" 
    xmlns:doap="http://usefulinc.com/ns/doap#" 
    xmlns:ebucore="http://www.ebu.ch/metadata/ontologies/ebucore/ebucore#" 
    xmlns:edm="http://www.europeana.eu/schemas/edm/" 
    xmlns:foaf="http://xmlns.com/foaf/0.1/" 
    xmlns:odrl="http://www.w3.org/ns/odrl/2/" 
    xmlns:ore="http://www.openarchives.org/ore/terms/" 
    xmlns:owl="http://www.w3.org/2002/07/owl#" 
    xmlns:rdaGr2="http://rdvocab.info/ElementsGr2/" 
    xmlns:rdf="http://www.w3.org/1999/02/22-rdf-syntax-ns#" 
    xmlns:rdfs="http://www.w3.org/2000/01/rdf-schema#" 
    xmlns:skos="http://www.w3.org/2004/02/skos/core#" 
    xmlns:svcs="http://rdfs.org/sioc/services#" 
    xmlns:wgs84="http://www.w3.org/2003/01/geo/wgs84_pos#" 
    xmlns:xalan="http://xml.apache.org/xalan">
    <edm:ProvidedCHO rdf:about="#exampleMetA">
        <dc:title xml:lang="en">Metadata Example Record Tier A</dc:title>
        <dc:type>book</dc:type>
        <dc:language>deu</dc:language>
        <edm:type>TEXT</edm:type>
        <dcterms:isPartOf>Europeana Foundation Example Records</dcterms:isPartOf>
    </edm:ProvidedCHO>
    <ore:Aggregation rdf:about="#exampleMetA_AGG">
        <edm:aggregatedCHO rdf:resource="ark:/12148/bpt6k4773206h"/>
        <edm:dataProvider>Europeana Foundation</edm:dataProvider>
        <edm:isShownBy rdf:resource="http://media.culturegrid.org.uk/mediaLibrary/Partage/LoveArtNouveau/Glasgow/DSCF4092.JPG"/>
        <edm:provider>Europeana Foundation</edm:provider>
        <edm:rights rdf:resource="http://rightsstatements.org/vocab/NoC-OKLR/1.0/"/>
    </ore:Aggregation>
</rdf:RDF>
