<?xml version="1.0" encoding="UTF-8"?>
<rdf:RDF xmlns:adms="http://www.w3.org/ns/adms#" 
    xmlns:cc="http://creativecommons.org/ns#" 
    xmlns:crm="http://www.cidoc-crm.org/rdfs/cidoc_crm/" 
    xmlns:dc="http://purl.org/dc/elements/1.1/" 
    xmlns:dcterms="http://purl.org/dc/terms/" 
    xmlns:doap="http://usefulinc.com/ns/doap#" 
    xmlns:ebucore="http://www.ebu.ch/metadata/ontologies/ebucore/ebucore#" 
    xmlns:edm="http://www.europeana.eu/schemas/edm/" 
    xmlns:foaf="http://xmlns.com/foaf/0.1/" 
    xmlns:odrl="http://www.w3.org/ns/odrl/2/" 
    xmlns:ore="http://www.openarchives.org/ore/terms/" 
    xmlns:owl="http://www.w3.org/2002/07/owl#" 
    xmlns:rdaGr2="http://rdvocab.info/ElementsGr2/" 
    xmlns:rdf="http://www.w3.org/1999/02/22-rdf-syntax-ns#" 
    xmlns:rdfs="http://www.w3.org/2000/01/rdf-schema#" 
    xmlns:skos="http://www.w3.org/2004/02/skos/core#" 
    xmlns:svcs="http://rdfs.org/sioc/services#" 
    xmlns:wgs84="http://www.w3.org/2003/01/geo/wgs84_pos#" 
    xmlns:xalan="http://xml.apache.org/xalan">
    <edm:ProvidedCHO rdf:about="#exampleEDMrec">
        <dc:contributor>George Buchanan</dc:contributor>
        <dc:creator>Catullus</dc:creator>
        <dc:date>1552</dc:date>
        <dc:description>A bound book</dc:description>
        <dc:indentifier>Shelfmark: 12345</dc:indentifier>
        <dc:language>fre</dc:language>
        <dc:publisher>Aldus Manutius</dc:publisher>
        <dc:source>Bound together with 2 other works</dc:source>
        <dc:subject>Latin Poetry</dc:subject>
        <dc:title>Metadata Example Record Recommended EDM Properties</dc:title>
        <dc:type>Photograph</dc:type>
        <dcterms:alternative>Catullus, Carmina</dcterms:alternative>
        <dcterms:created>1st century BC</dcterms:created>
        <dcterms:isPartOf>Item 12345</dcterms:isPartOf>
        <dcterms:isPartOf>Europeana Foundation Example Records</dcterms:isPartOf>
        <dcterms:issued>1552</dcterms:issued>
        <dcterms:spatial>Venezia</dcterms:spatial>
        <dcterms:temporal>16th century</dcterms:temporal>
        <edm:isNextinSequence>Propertius, Works</edm:isNextinSequence>
        <edm:type>TEXT</edm:type>
    </edm:ProvidedCHO>
    <ore:Aggregation rdf:about="#exampleEDMrec_AGG">
        <edm:aggregatedCHO rdf:resource="#exampleEDMrec"/>
        <edm:dataProvider>Europeana Foundation</edm:dataProvider> 
        <edm:isShownBy rdf:resource="http://media.culturegrid.org.uk/mediaLibrary/Partage/LoveArtNouveau/Glasgow/DSCF4092.JPG"/>
        <edm:provider>Europeana Foundation</edm:provider> 
        <edm:rights rdf:resource="http://rightsstatements.org/vocab/NoC-OKLR/1.0/"/>
    </ore:Aggregation>
</rdf:RDF>
