<?xml version="1.0" encoding="UTF-8"?>
<rdf:RDF xmlns:adms="http://www.w3.org/ns/adms#" 
    xmlns:cc="http://creativecommons.org/ns#" 
    xmlns:crm="http://www.cidoc-crm.org/rdfs/cidoc_crm/" 
    xmlns:dc="http://purl.org/dc/elements/1.1/" 
    xmlns:dcterms="http://purl.org/dc/terms/" 
    xmlns:doap="http://usefulinc.com/ns/doap#" 
    xmlns:ebucore="http://www.ebu.ch/metadata/ontologies/ebucore/ebucore#" 
    xmlns:edm="http://www.europeana.eu/schemas/edm/" 
    xmlns:foaf="http://xmlns.com/foaf/0.1/" 
    xmlns:odrl="http://www.w3.org/ns/odrl/2/" 
    xmlns:ore="http://www.openarchives.org/ore/terms/" 
    xmlns:owl="http://www.w3.org/2002/07/owl#" 
    xmlns:rdaGr2="http://rdvocab.info/ElementsGr2/" 
    xmlns:rdf="http://www.w3.org/1999/02/22-rdf-syntax-ns#" 
    xmlns:rdfs="http://www.w3.org/2000/01/rdf-schema#" 
    xmlns:skos="http://www.w3.org/2004/02/skos/core#" 
    xmlns:svcs="http://rdfs.org/sioc/services#" 
    xmlns:wgs84="http://www.w3.org/2003/01/geo/wgs84_pos#" 
    xmlns:xalan="http://xml.apache.org/xalan">
    <edm:ProvidedCHO rdf:about="#example_embed_Video_4">
        <dcterms:created>2015</dcterms:created>
        <dc:title xml:lang="en">Video Embed Example Record Tier 4</dc:title>
        <dc:subject rdf:resource="http://vocab.getty.edu/aat/300020103"/>
        <dc:type rdf:resource="http://vocab.getty.edu/aat/300430220"/>
        <dc:format xml:lang="en">moving image</dc:format>
        <dcterms:isPartOf>Europeana Foundation Example Records</dcterms:isPartOf>
        <edm:type>VIDEO</edm:type>
    </edm:ProvidedCHO>
    <ore:Aggregation rdf:about="#example_embed_Video_4_AGG">
        <edm:aggregatedCHO rdf:resource="#example_embed_Video_4"/>
        <edm:isShownBy rdf:resource="https://youtu.be/0kwMolDaELc"/>
        <edm:dataProvider>Europeana Foundation</edm:dataProvider>
        <edm:provider>Europeana Foundation</edm:provider> 
        <edm:rights rdf:resource="http://creativecommons.org/publicdomain/mark/1.0/"/>
    </ore:Aggregation>
</rdf:RDF>
