<?xml version="1.0" encoding="UTF-8"?><rdf:RDF xmlns:rdf="http://www.w3.org/1999/02/22-rdf-syntax-ns#" xmlns:dc="http://purl.org/dc/elements/1.1/" xmlns:oai_dc="http://www.openarchives.org/OAI/2.0/oai_dc/" xmlns:edm="http://www.europeana.eu/schemas/edm/" xmlns:wgs84_pos="http://www.w3.org/2003/01/geo/wgs84_pos#" xmlns:ore="http://www.openarchives.org/ore/terms/" xmlns:owl="http://www.w3.org/2002/07/owl#" xmlns:skos="http://www.w3.org/2004/02/skos/core#" xmlns:xsi="http://www.w3.org/2001/XMLSchema-instance" xmlns:dcterms="http://purl.org/dc/terms/">
  <edm:ProvidedCHO rdf:about="share3d:838">
    <dc:identifier>share3d:838</dc:identifier>
    <dc:title xml:lang="es">Castillo Alcalá de Xivert, Castellón, España</dc:title>
    <dc:description xml:lang="es">Castillo Templario en la Sierra de Irta, con vistas panoránmicas sobre el valle corredor de Xivert y grandes extensiones del Parque Natural.</dc:description>
    <dc:language>Spanish</dc:language>
    <dc:creator>add4d</dc:creator>
    <dcterms:created>2019</dcterms:created>
    <dc:subject xml:lang="es">Architecture</dc:subject>
    <dc:subject xml:lang="es">Cultural Heritage &amp; History</dc:subject>
    <dc:subject rdf:resource="http://vocab.getty.edu/aat/300000810"/>
    <dc:subject rdf:resource="http://vocab.getty.edu/aat/300006891"/>
    <dc:subject rdf:resource="http://vocab.getty.edu/aat/300005072"/>
    <dc:subject rdf:resource="http://vocab.getty.edu/aat/300006887"/>
    <dcterms:spatial rdf:resource="#edmPlace_share3d:838/SP.1"/>
    <dcterms:temporal rdf:resource="share3d:838/TMP.1"/>
    <dc:relation rdf:resource="https://doi.org/10.5281/zenodo.3368891"/>
    <dc:relation rdf:resource="https://i.imgur.com/YyhTJ9h.jpg"/>
    <dc:relation rdf:resource="https://i.imgur.com/r9PwNB1.jpg"/>
    <dc:relation rdf:resource="https://zenodo.org/badge/DOI/10.5281/zenodo.3368891.svg"/>
    <dcterms:provenance xml:lang="es">Proyecto geomático realizado por AD&amp;D 4D para la Diputación de Castellón.


Sistema de referencia geodésico: ETRS-89. Proyección UTM-31. Altitudes
Ortométricas referidas al nivel medio del mar de Alicante. Modelo de Geoide
EGM08 con sobrecorreción de nivelación.</dcterms:provenance>
    <dc:format xml:lang="en">glTF</dc:format>
    <dc:type xml:lang="en">3D</dc:type>
    <dcterms:isPartOf xml:lang="en">Share3D</dcterms:isPartOf>
    <edm:type>3D</edm:type>
  </edm:ProvidedCHO>
  <edm:Place rdf:about="#edmPlace_share3d:838/SP.1">
    <wgs84_pos:lat>40.3042</wgs84_pos:lat>
    <wgs84_pos:long>0.22509</wgs84_pos:long>
    <skos:prefLabel>Castillo de Alcalá de Xivert, Castellón, España  </skos:prefLabel>
  </edm:Place>
  <edm:TimeSpan rdf:about="share3d:838/TMP.1">
    <skos:prefLabel xml:lang="en">Medieval</skos:prefLabel>
    <edm:begin>400</edm:begin>
    <edm:end>1499</edm:end>
    <owl:sameAs rdf:resource="http://vocab.getty.edu/page/aat/300020756"/>
    <owl:sameAs rdf:resource="https://www.wikidata.org/wiki/Q12554"/>
  </edm:TimeSpan>
  <edm:WebResource rdf:about="https://sketchfab.com/models/3ce7ba60d53c47ff9407989a4c0b6ea4/embed">
    <dc:creator>add4d</dc:creator>
    <dc:description xml:lang="es">Proyecto geomático realizado por AD&amp;D 4D para la Diputación de Castellón.


Sistema de referencia geodésico: ETRS-89. Proyección UTM-31. Altitudes
Ortométricas referidas al nivel medio del mar de Alicante. Modelo de Geoide
EGM08 con sobrecorreción de nivelación.</dc:description>
    <dc:format xml:lang="en">glTF</dc:format>
    <dc:type xml:lang="en">3D</dc:type>
    <dcterms:created>2019</dcterms:created>
  </edm:WebResource>
  <ore:Aggregation rdf:about="share3d:838#aggregation">
    <edm:aggregatedCHO rdf:resource="share3d:838"/>
    <edm:dataProvider>ADD4D.org</edm:dataProvider>
    <edm:provider>CARARE</edm:provider>
    <edm:isShownAt rdf:resource="https://sketchfab.com/models/3ce7ba60d53c47ff9407989a4c0b6ea4/embed"/>
    <edm:isShownBy rdf:resource="https://sketchfab.com/models/3ce7ba60d53c47ff9407989a4c0b6ea4"/>
    <edm:rights rdf:resource="http://creativecommons.org/licenses/by/4.0/"/>
    <edm:object rdf:resource="https://media.sketchfab.com/models/3ce7ba60d53c47ff9407989a4c0b6ea4/thumbnails/7daa534ae782476789dcda625e6a0afd/21cefccea37843848ef67010363f30b7.jpeg"/>
  </ore:Aggregation>
</rdf:RDF>
