<?xml version="1.0" encoding="UTF-8" standalone="no"?>
<rdf:RDF xmlns:rdf="http://www.w3.org/1999/02/22-rdf-syntax-ns#" xmlns:crm="http://www.cidoc-crm.org/rdfs/cidoc_crm_v5.0.2_english_label.rdfs#" xmlns:dc="http://purl.org/dc/elements/1.1/" xmlns:dcterms="http://purl.org/dc/terms/" xmlns:edm="http://www.europeana.eu/schemas/edm/" xmlns:foaf="http://xmlns.com/foaf/0.1/" xmlns:ore="http://www.openarchives.org/ore/terms/" xmlns:owl="http://www.w3.org/2002/07/owl#" xmlns:rdaGr2="http://rdvocab.info/ElementsGr2/" xmlns:rdfs="http://www.w3.org/2000/01/rdf-schema#" xmlns:skos="http://www.w3.org/2004/02/skos/core#" xmlns:svcs="http://rdfs.org/sioc/services#" xmlns:wgs84_pos="http://www.w3.org/2003/01/geo/wgs84_pos#" xmlns:xalan="http://xml.apache.org/xalan">
  <edm:ProvidedCHO rdf:about="C-DL-201000265">
    <dc:creator xml:lang="cs">Gojda, Martin</dc:creator>
    <dc:creator xml:lang="cs">Archeologický ústav Praha</dc:creator>
    <dc:date>2010</dc:date>
    <dc:description xml:lang="cs">Městečko Borotín u Tábora.</dc:description>
    <dc:publisher rdf:resource="http://www.aiscr.cz/"/>
    <dc:subject xml:lang="cs">vesnice/městečko</dc:subject>
    <dc:subject rdf:resource="http://vocab.getty.edu/aat/300054328"/>
    <dc:subject rdf:resource="http://vocab.getty.edu/aat/300054328"/>
    <dc:title xml:lang="cs">C-DL-201000265 - letfoto krajiny</dc:title>
    <dc:type xml:lang="cs">letfoto krajiny</dc:type>
    <dcterms:created>2010</dcterms:created>
    <dcterms:isPartOf>Europeana Archaeology</dcterms:isPartOf>
    <dcterms:medium xml:lang="cs">digitální soubor</dcterms:medium>
    <dcterms:provenance xml:lang="cs">Uložení originálu: primárně digitální dokument</dcterms:provenance>
    <dcterms:temporal>Medieval (European)</dcterms:temporal>
    <edm:type>IMAGE</edm:type>
    <dc:subject rdf:resource="http://vocab.getty.edu/aat/300008372"/>
    <dc:subject rdf:resource="http://vocab.getty.edu/aat/300128222"/>
    <dc:date rdf:resource="EUROPEANAARCH_1554/TMP.1"/>
  </edm:ProvidedCHO>
  <ore:Aggregation rdf:about="C-DL-201000265#ORE">
    <edm:aggregatedCHO rdf:resource="C-DL-201000265"/>
    <edm:dataProvider xml:lang="cs">Archeologický informační systém České republiky</edm:dataProvider>
    <edm:isShownAt rdf:resource="https://digiarchiv.aiscr.cz/id/C-DL-201000265"/>
    <edm:isShownBy rdf:resource="https://digiarchiv.aiscr.cz/img?full=true&amp;id=1612529275765_CDL201000265.tif"/>
    <edm:provider>CARARE</edm:provider>
    <edm:rights rdf:resource="http://creativecommons.org/licenses/by-nc/4.0/"/>
  </ore:Aggregation>
  <edm:TimeSpan rdf:about="EUROPEANAARCH_1554/TMP.1">
    <skos:prefLabel>Medieval (European) (Medieval styles and periods</skos:prefLabel>
    <edm:begin>400</edm:begin>
    <edm:end>1499</edm:end>
    <owl:sameAs rdf:resource="http://vocab.getty.edu/aat/300020756"/>
    <owl:sameAs rdf:resource="https://www.wikidata.org/wiki/Q12554"/>
  </edm:TimeSpan>
</rdf:RDF>
