<?xml version="1.0" encoding="UTF-8" standalone="no"?>
<rdf:RDF xmlns:rdf="http://www.w3.org/1999/02/22-rdf-syntax-ns#" xmlns:crm="http://www.cidoc-crm.org/rdfs/cidoc_crm_v5.0.2_english_label.rdfs#" xmlns:dc="http://purl.org/dc/elements/1.1/" xmlns:dcterms="http://purl.org/dc/terms/" xmlns:edm="http://www.europeana.eu/schemas/edm/" xmlns:foaf="http://xmlns.com/foaf/0.1/" xmlns:ore="http://www.openarchives.org/ore/terms/" xmlns:owl="http://www.w3.org/2002/07/owl#" xmlns:rdaGr2="http://rdvocab.info/ElementsGr2/" xmlns:rdfs="http://www.w3.org/2000/01/rdf-schema#" xmlns:skos="http://www.w3.org/2004/02/skos/core#" xmlns:svcs="http://rdfs.org/sioc/services#" xmlns:wgs84_pos="http://www.w3.org/2003/01/geo/wgs84_pos#" xmlns:xalan="http://xml.apache.org/xalan">
  <edm:ProvidedCHO rdf:about="CA_BA12857-13-10_01">
    <dc:creator xml:lang="en">Worcestershire Archive and Archaeology Service</dc:creator>
    <dc:relation rdf:resource="https://www.explorethepast.co.uk/blog/"/>
    <dc:relation rdf:resource="https://archaeologydataservice.ac.uk/archives/view/charles_he_2020/index.cfm"/>
    <dc:rights xml:lang="en">F.W.B and Mary Charles, Worcestershire County Council</dc:rights>
    <dc:subject rdf:resource="http://vocab.getty.edu/aat/300008063"/>
    <dc:subject xml:lang="en">Great Hall</dc:subject>
    <dc:subject xml:lang="en">Timber Framed Building</dc:subject>
    <dc:subject xml:lang="en">Building</dc:subject>
    <dc:title xml:lang="en">Guesten Hall</dc:title>
    <dcterms:created>08/05/2018</dcterms:created>
    <dcterms:isPartOf xml:lang="en">The Charles Archive</dcterms:isPartOf>
    <dcterms:isPartOf xml:lang="en">Europeana Archaeology</dcterms:isPartOf>
    <dcterms:spatial rdf:resource="CA_BA12857-13-10_01#place"/>
    <dcterms:temporal rdf:resource="CA_BA12857-13-10_01#time"/>
    <edm:type>IMAGE</edm:type>
    <dc:subject rdf:resource="http://vocab.getty.edu/aat/300005433"/>
    <dc:subject rdf:resource="http://vocab.getty.edu/aat/300125479"/>
    <dc:subject rdf:resource="http://vocab.getty.edu/aat/300004792"/>
  </edm:ProvidedCHO>
  <edm:Place rdf:about="CA_BA12857-13-10_01#place">
    <skos:prefLabel>395220 268420</skos:prefLabel>
    <skos:altLabel>Worcester (Non Civil Parish), Worcester City, Worcestershire, United Kingdom</skos:altLabel>
  </edm:Place>
  <edm:TimeSpan rdf:about="CA_BA12857-13-10_01#time">
    <skos:prefLabel xml:lang="en">Medieval</skos:prefLabel>
    <skos:altLabel xml:lang="en">14th century</skos:altLabel>
    <edm:begin>1326</edm:begin>
    <owl:sameAs rdf:resource="http://vocab.getty.edu/page/aat/300404506"/>
    <owl:sameAs rdf:resource="http://vocab.getty.edu/page/aat/300020756"/>
  </edm:TimeSpan>
  <ore:Aggregation rdf:about="CA_BA12857-13-10_01#ORE">
    <edm:aggregatedCHO rdf:resource="CA_BA12857-13-10_01"/>
    <edm:dataProvider xml:lang="en">Archaeology Data Service</edm:dataProvider>
    <edm:isShownBy rdf:resource="https://archaeologydataservice.ac.uk/catalogue/adsdata/arch-3370-1/dissemination/jpg/Guesten_Hall_Worcester/CA_BA12857-13-10_01.jpg"/>
    <edm:object rdf:resource="https://archaeologydataservice.ac.uk/archives/view/charles_he_2020/images/preview/CA_BA12857-13-10_01.jpg"/>
    <edm:provider xml:lang="en">CARARE</edm:provider>
    <edm:rights rdf:resource="http://creativecommons.org/licenses/by/4.0/"/>
  </ore:Aggregation>
</rdf:RDF>
