<?xml version="1.0" encoding="UTF-8"?><rdf:RDF xmlns:rdf="http://www.w3.org/1999/02/22-rdf-syntax-ns#" xmlns:dc="http://purl.org/dc/elements/1.1/" xmlns:oai_dc="http://www.openarchives.org/OAI/2.0/oai_dc/" xmlns:edm="http://www.europeana.eu/schemas/edm/" xmlns:wgs84_pos="http://www.w3.org/2003/01/geo/wgs84_pos#" xmlns:ore="http://www.openarchives.org/ore/terms/" xmlns:owl="http://www.w3.org/2002/07/owl#" xmlns:skos="http://www.w3.org/2004/02/skos/core#" xmlns:xsi="http://www.w3.org/2001/XMLSchema-instance" xmlns:dcterms="http://purl.org/dc/terms/">
  <edm:ProvidedCHO rdf:about="share3d:1027">
    <dc:identifier>share3d:1027</dc:identifier>
    <dc:title xml:lang="en">Ivory plaque with nativity scenes</dc:title>
    <dc:description xml:lang="en">A 12th century ivory plaque carved with scenes in three registers. 

Top:  the Annunciation (Mary and the Angel Gabriel) and the Visitation (Mary and Elizabeth). The Nativity with Mary lying on a bed and the Infant Christ just above her being warmed by the ox and ass. A figure stands on either side of this scene, possibly Salomé (the midwife) and Joseph. 

Bottom: Jesus is being presented by Mary to a male figure carrying doves. In the bottom left-hand corner the Massacre of the Innocents is depicted. Mosan or German. 

Accession no.: CG 005. Current location: The Hunt Museum, Limerick, Ireland.</dc:description>
    <dc:language>English</dc:language>
    <dc:creator>The Hunt Museum as part of the Art of Reading in the Middle Ages project.</dc:creator>
    <dcterms:created>2021</dcterms:created>
    <dc:rights xml:lang="en">http://creativecommons.org/publicdomain/mark/1.0/</dc:rights>
    <dc:subject xml:lang="en">Cultural Heritage &amp; History</dc:subject>
    <dc:subject xml:lang="en">Treasure binding</dc:subject>
    <dc:subject xml:lang="en">Manuscript Cover</dc:subject>
    <dc:subject xml:lang="en">Medieval Reading Culture</dc:subject>
    <dc:subject xml:lang="en">Reading Culture (Devotional)</dc:subject>
    <dc:subject xml:lang="en">Mosan</dc:subject>
    <dc:subject rdf:resource="http://vocab.getty.edu/aat/300011857"/>
    <dc:subject rdf:resource="http://vocab.getty.edu/aat/300197210"/>
    <dc:subject rdf:resource="http://vocab.getty.edu/aat/300028569"/>
    <dc:subject rdf:resource="http://vocab.getty.edu/aat/300234110"/>
    <dcterms:spatial rdf:resource="#edmPlace_share3d:1027/SP.1"/>
    <dcterms:temporal xml:lang="en">1101-1200</dcterms:temporal>
    <dcterms:temporal rdf:resource="share3d:1027/TMP.1"/>
    <dc:relation rdf:resource="https://www.huntmuseum.com/explore/item/79f56c96-6f89-3e1c-9d95-1a5551dd010e/?s%3DIvory+plaque&amp;pos=8"/>
    <dcterms:provenance xml:lang="en">Models are created using Shining3D’s Einscan Pro 2X laser scanner and ExScan Pro software. They are then processed using Meshlab and Blender. ; Laser scanning; Mesh processing</dcterms:provenance>
    <dc:format xml:lang="en">glTF</dc:format>
    <dc:type xml:lang="en">3D</dc:type>
    <dcterms:isPartOf xml:lang="en">Share3D</dcterms:isPartOf>
    <dcterms:isPartOf>https://sketchfab.com/3d-models/plaque-with-nativity-scenes-5a5173b4756d46059e7ea9b70aabb4ca</dcterms:isPartOf>
    <dcterms:isPartOf>The Art of Reading in the Middle Ages</dcterms:isPartOf>
    <dcterms:isPartOf>Medieval Reading Culture (Devotional)</dcterms:isPartOf>
    <edm:type>3D</edm:type>
  </edm:ProvidedCHO>
  <edm:Place rdf:about="#edmPlace_share3d:1027/SP.1">
    <wgs84_pos:lat>0.0</wgs84_pos:lat>
    <wgs84_pos:long>0.0</wgs84_pos:long>
    <skos:prefLabel>Germany or France</skos:prefLabel>
  </edm:Place>
  <edm:TimeSpan rdf:about="share3d:1027/TMP.1">
    <skos:prefLabel xml:lang="en">Medieval</skos:prefLabel>
    <edm:begin>400</edm:begin>
    <edm:end>1499</edm:end>
    <owl:sameAs rdf:resource="http://vocab.getty.edu/page/aat/300020756"/>
    <owl:sameAs rdf:resource="https://www.wikidata.org/wiki/Q12554"/>
  </edm:TimeSpan>
  <edm:WebResource rdf:about="https://sketchfab.com/models/5a5173b4756d46059e7ea9b70aabb4ca/embed">
    <dc:creator>The Hunt Museum as part of the Art of Reading in the Middle Ages project.</dc:creator>
    <dc:description xml:lang="en">Models are created using Shining3D’s Einscan Pro 2X laser scanner and ExScan Pro software. They are then processed using Meshlab and Blender. </dc:description>
    <dc:format xml:lang="en">glTF</dc:format>
    <dc:type xml:lang="en">3D</dc:type>
    <dcterms:created>2021</dcterms:created>
  </edm:WebResource>
  <ore:Aggregation rdf:about="share3d:1027#aggregation">
    <edm:aggregatedCHO rdf:resource="share3d:1027"/>
    <edm:dataProvider>The Hunt Museum</edm:dataProvider>
    <edm:provider>CARARE</edm:provider>
    <edm:isShownAt rdf:resource="https://sketchfab.com/models/5a5173b4756d46059e7ea9b70aabb4ca/embed"/>
    <edm:isShownBy rdf:resource="https://sketchfab.com/models/5a5173b4756d46059e7ea9b70aabb4ca"/>
    <edm:rights rdf:resource="http://creativecommons.org/publicdomain/mark/1.0/"/>
    <edm:object rdf:resource="https://media.sketchfab.com/models/5a5173b4756d46059e7ea9b70aabb4ca/thumbnails/dd8c7d3afea340cd91f6a059bcd0093e/ac0602e1fab04039a134d92b1082bd0d.jpeg"/>
  </ore:Aggregation>
</rdf:RDF>
