<?xml version="1.0" encoding="UTF-8" standalone="no"?>
<rdf:RDF xmlns:rdf="http://www.w3.org/1999/02/22-rdf-syntax-ns#" xmlns:crm="http://www.cidoc-crm.org/rdfs/cidoc_crm_v5.0.2_english_label.rdfs#" xmlns:dc="http://purl.org/dc/elements/1.1/" xmlns:dcterms="http://purl.org/dc/terms/" xmlns:edm="http://www.europeana.eu/schemas/edm/" xmlns:foaf="http://xmlns.com/foaf/0.1/" xmlns:ore="http://www.openarchives.org/ore/terms/" xmlns:owl="http://www.w3.org/2002/07/owl#" xmlns:rdaGr2="http://rdvocab.info/ElementsGr2/" xmlns:rdfs="http://www.w3.org/2000/01/rdf-schema#" xmlns:skos="http://www.w3.org/2004/02/skos/core#" xmlns:svcs="http://rdfs.org/sioc/services#" xmlns:wgs84_pos="http://www.w3.org/2003/01/geo/wgs84_pos#" xmlns:xalan="http://xml.apache.org/xalan">
  <edm:ProvidedCHO rdf:about="EA-AND-90001">
    <dc:creator xml:lang="en">Jurij Stare (photographer)</dc:creator>
    <dc:date>1900</dc:date>
    <dc:description xml:lang="en">Corner house in Ljubljana.</dc:description>
    <dc:identifier>EA-AND-90001</dc:identifier>
    <dc:language xml:lang="en">english</dc:language>
    <dc:rights xml:lang="en">copyright: Jurij Stare</dc:rights>
    <dc:subject rdf:resource="http://vocab.getty.edu/aat/300008063"/>
    <dc:title xml:lang="en">House of Bahovc, Miklošičeva 22, Ljubljana</dc:title>
    <dc:type xml:lang="en">image</dc:type>
    <dcterms:isPartOf xml:lang="en">Europeana Archaeology</dcterms:isPartOf>
    <dcterms:spatial rdf:resource="EA-AND-90001#place"/>
    <dcterms:temporal rdf:resource="EA-AND-90001#time"/>
    <edm:type>IMAGE</edm:type>
  </edm:ProvidedCHO>
  <edm:WebResource rdf:about="http://ea-and.civitat.com/EA-AND/images/Set9/img_1623.jpg">
    <dc:creator xml:lang="en">Jurij Stare (photographer)</dc:creator>
    <dc:description xml:lang="en">House of Bahovc, Miklošičeva 22, Ljubljana</dc:description>
    <dc:rights xml:lang="en">copyright: Jurij Stare</dc:rights>
  </edm:WebResource>
  <edm:Place rdf:about="EA-AND-90001#place">
    <wgs84_pos:lat>46.054574</wgs84_pos:lat>
    <wgs84_pos:long>14.507408</wgs84_pos:long>
    <skos:prefLabel xml:lang="sl">Ljubljana, Slovenija</skos:prefLabel>
  </edm:Place>
  <edm:TimeSpan rdf:about="EA-AND-90001#time">
    <skos:prefLabel xml:lang="en">Art Nouveau</skos:prefLabel>
    <edm:begin>1890</edm:begin>
    <edm:end>1910</edm:end>
    <owl:sameAs rdf:resource="http://vocab.getty.edu/page/aat/300021430"/>
  </edm:TimeSpan>
  <ore:Aggregation rdf:about="EA-AND-90001#ORE">
    <edm:aggregatedCHO rdf:resource="EA-AND-90001"/>
    <edm:dataProvider>EA-ANDanube, Lunida</edm:dataProvider>
    <edm:isShownAt rdf:resource="http://ea-and.civitat.com/?id=EA-AND-90001"/>
    <edm:isShownBy rdf:resource="http://ea-and.civitat.com/EA-AND/images/Set9/img_1623.jpg"/>
    <edm:object rdf:resource="http://ea-and.civitat.com/EA-AND/images/Set9/img_1623.jpg"/>
    <edm:provider>CARARE</edm:provider>
    <dc:rights>copyright: Jurij Stare</dc:rights>
    <edm:rights rdf:resource="http://creativecommons.org/licenses/by-sa/4.0/"/>
  </ore:Aggregation>
</rdf:RDF>
