﻿<?xml version="1.0" encoding="utf-8"?>
<rdf:RDF xmlns:wgs84_pos="http://www.w3.org/2003/01/geo/wgs84_pos#" xmlns:oai_dc="http://www.openarchives.org/OAI/2.0/oai_dc/" xmlns:dc="http://purl.org/dc/elements/1.1/" xmlns:dcterms="http://purl.org/dc/terms/" xmlns:dct="http://purl.org/dc/terms/" xmlns:edm="http://www.europeana.eu/schemas/edm/" xmlns:foaf="http://xmlns.com/foaf/0.1/" xmlns:owl="http://www.w3.org/2002/07/owl#" xmlns:rdf="http://www.w3.org/1999/02/22-rdf-syntax-ns#" xmlns:rdfs="http://www.w3.org/2000/01/rdf-schema#" xmlns:skos="http://www.w3.org/2004/02/skos/core#" xmlns:ore="http://www.openarchives.org/ore/terms/" xmlns:svcs="http://rdfs.org/sioc/services#" xmlns:doap="http://usefulinc.com/ns/doap#" xmlns:rdaGr2="http://rdvocab.info/ElementsGr2/">
  <edm:ProvidedCHO rdf:about="Pb_98941">
    <dc:coverage>Watykan</dc:coverage>
    <dc:creator>Arturo Mari</dc:creator>
    <dc:date>11.03.1983</dc:date>
    <dc:description xml:lang="pl">Na audiencji papieskiej podczas pierwszej Szkoły Pod Żaglami (1983) w rejsie do Indii i wokół Afryki.Krzysztof Tadeusz Baranowski urodził się 26 czerwca 1938 we Lwowie. Ukończył studia na Politechnice Wrocławskiej, uzyskując dyplom inżyniera elektronika. Ukończył też Studium Dziennikarskie Uniwersytetu Warszawskiego. Zasłynął jako pierwszy Polak, który dwukrotnie opłynął samotnie kulę ziemską. Ma na swoim koncie wiele zainteresowań i wykonywanych zawodów takich jak żeglarz, kapitan jachtowy, dowódca żaglowców rejowych, dziennikarz, reżyser filmów dokumentalnych, nauczyciel, krótkofalowiec SP5ATV. W latach 60. XX wieku był redaktorem w „Trybunie Ludu”, gdzie zajmował się popularyzacją nauki, występował też w programach TVP dla młodzieży, propagując żeglarstwo. W latach późniejszych był redaktorem naczelnym czasopisma „Jachting. Od 1983 r. prowadzi „Szkołę Pod Żaglami Krzysztofa Baranowskiego” opartą o wolontariat młodzieży niosącej innym potrzebną pomoc i rejs oceaniczny z programem ogólnokształcącym. Przygodę z żaglami zaczął w wieku lat 15, w 1965 roku wziął udział w rejsie dookoła Ameryki Płd. jako kuk na „Śmiałym”. Wielokrotnie brał i wciąż bierze udział w rejsach na Atlantyku, wyprawiał się w rejsy na Antarktykę, wokół Afryki, Ameryki i Indii. Krzysztof Baranowski jest też autorem ponad 20 książek i 50 filmów dokumentalnych, których listę można znaleźć na jego stronie https://krzysztofbaranowski.pl/Za swoje dokonania otrzymał wiele odznaczeń, a wśród nich m.in. Krzyż Oficerski Orderu Odrodzenia Polski, Złoty Medal „Za Wybitne Osiągnięcia Sportowe”, Nagrodę Conrada, Super Kolos i in.Największe osiągnięcia to:1970 – budowa jachtu Polonez1972 – start w regatach OSTAR – samotnych żeglarzy przez Atlantyk1972–1973 – rejs dookoła świata wokół Hornu na Polonezie (samotnie)1980 – budowa żaglowca Pogoria1992 – budowa żaglowca Fryderyk Chopin1999–2000 – rejs dookoła świata przez Panamę i Suez na „Lady B.” (samotnie)Oprac. na podstawie: https://pl.wikipedia.org/wiki/Krzysztof_Baranowski_(%C5%BCeglarz) oraz https://krzysztofbaranowski.pl/</dc:description>
    <dc:description xml:lang="en">At the papal audience during the first Sailing School (1983) on a cruise to India and around Africa. Krzysztof T. Baranowski was born on June 26, 1938 in Lviv. He graduated from the Wrocław University of Technology, obtaining an electronics engineer diploma, and from the Journalism College of the University of Warsaw. He became famous as the first Pole to circumnavigate the globe twice. He has many interests and professions, such as sailor, yacht captain, Tall Ships commander, journalist, documentary films director, teacher, hamradio SP5ATV. In the 1960s, he was an editor at "Trybuna Ludu" newspaper, where he popularized science. He also appeared in TVP programs for young people, promoting sailing. In later years, he was the editor-in-chief of the journal "Jachting". Since 1983 he has been running the Krzysztof Baranowski Class Afloat based on voluntary work by young people who help others followed by ocean cruise with college curriculum. He started his adventure with sails at the age of 15. In 1965 took part in a cruise around South America. as a cook on "Bold". He has taken and still takes part in cruises in the Atlantic. Among others he has made voyages to the Antarctic, around Africa, America and India. Krzysztof Baranowski is also the author of over 20 books and 50 documentary films, the list of which can be found on his website https://krzysztofbaranowski.pl/ He has received many awards for his achievements, including Officer's Cross of the Order of Polonia Restituta, Gold Medal "For Outstanding Sports Achievements", Joseph Conrad Award, Super Colossus and others.</dc:description>
    <dc:format>image/jpeg</dc:format>
    <dc:identifier>98941</dc:identifier>
    <dc:language>pl</dc:language>
    <dc:subject rdf:resource="http://www.wikidata.org/entity/Q19252"/>
    <dc:subject rdf:resource="http://www.wikidata.org/entity/Q6440101"/>
    <dc:subject rdf:resource="http://www.wikidata.org/entity/Q18117338"/>
    <dc:subject rdf:resource="http://www.wikidata.org/entity/Q989"/>
    <dc:subject xml:lang="en">Sport</dc:subject>
    <dc:title xml:lang="pl">Kapitan Krzysztof Baranowski z młodzieżą u Papieża Jana Pawła II wręcza swój album fotograficzny 'Polonez'</dc:title>
    <dc:title xml:lang="en"> Captain Krzysztof Baranowski with young people at an audience with Pope John Paul II presents his photo album "Polonez"</dc:title>
    <dc:type rdf:resource="http://vocab.getty.edu/aat/300264388"/>
    <dcterms:isPartOf xml:lang="en">Europeana Sport</dcterms:isPartOf>
    <dcterms:spatial rdf:resource="https://sws.geonames.org/6691831/"/>
    <edm:type>IMAGE</edm:type>
  </edm:ProvidedCHO>
  <edm:WebResource rdf:about="http://www.pictures-bank.eu/index.php?action=przegladaj_zdjecie&id=98941">
    <dc:creator>Arturo Mari</dc:creator>
    <dc:format>image/jpeg</dc:format>
    <dc:rights xml:lang="pl">Międzynarodowe Centrum Zarządzania Informacją</dc:rights>
    <dc:rights xml:lang="en">International Centre for Information Management Systems and Services (ICIMSS)</dc:rights>
    <dcterms:created>11.03.1983</dcterms:created>
    <edm:rights rdf:resource="http://rightsstatements.org/vocab/InC-EDU/1.0/"/>
  </edm:WebResource>
  <ore:Aggregation rdf:about="Pb_98941">
    <edm:aggregatedCHO rdf:resource="Aggregation/Pb_98941"/>
    <edm:dataProvider xml:lang="pl">Międzynarodowe Centrum Zarządzania Informacją</edm:dataProvider>
    <edm:isShownAt rdf:resource="http://www.pictures-bank.eu/index.php?action=przegladaj_zdjecie&id=98941"/>
    <edm:isShownBy rdf:resource="http://www.pictures-bank.eu/pokazobrazek2.php?fileno=98941"/>
    <edm:object rdf:resource="http://www.pictures-bank.eu/pokazobrazek2.php?fileno=98941"/>
    <edm:provider>Museu</edm:provider>
    <dc:rights xml:lang="pl">Międzynarodowe Centrum Zarządzania Informacją</dc:rights>
    <dc:rights xml:lang="en">International Centre for Information Management Systems and Services (ICIMSS)</dc:rights>
    <edm:rights rdf:resource="http://rightsstatements.org/vocab/InC-EDU/1.0/"/>
  </ore:Aggregation>
</rdf:RDF>