﻿<?xml version="1.0" encoding="utf-8"?>
<rdf:RDF xmlns:wgs84_pos="http://www.w3.org/2003/01/geo/wgs84_pos#" xmlns:oai_dc="http://www.openarchives.org/OAI/2.0/oai_dc/" xmlns:dc="http://purl.org/dc/elements/1.1/" xmlns:dcterms="http://purl.org/dc/terms/" xmlns:dct="http://purl.org/dc/terms/" xmlns:edm="http://www.europeana.eu/schemas/edm/" xmlns:foaf="http://xmlns.com/foaf/0.1/" xmlns:owl="http://www.w3.org/2002/07/owl#" xmlns:rdf="http://www.w3.org/1999/02/22-rdf-syntax-ns#" xmlns:rdfs="http://www.w3.org/2000/01/rdf-schema#" xmlns:skos="http://www.w3.org/2004/02/skos/core#" xmlns:ore="http://www.openarchives.org/ore/terms/" xmlns:svcs="http://rdfs.org/sioc/services#" xmlns:doap="http://usefulinc.com/ns/doap#" xmlns:rdaGr2="http://rdvocab.info/ElementsGr2/">
  <edm:ProvidedCHO rdf:about="Foto_Sport_I_n_1_27_10_1951_27">
    <dc:description xml:lang="it">Rivista 'Fotosport: enciclopedia settimanale sportiva', I, n. 1, 27 ottobre 1951, p. 10</dc:description>
    <dc:identifier>Foto_Sport_I_n_1_27_10_1951_27</dc:identifier>
    <dc:language>it</dc:language>
    <dc:subject xml:lang="it">sport</dc:subject>
    <dc:subject rdf:resource="http://www.wikidata.org/entity/Q53121"/>
    <dc:title xml:lang="it">Gino Bartali, 37 anni 183 vittorie</dc:title>
    <dc:type rdf:resource="http://vocab.getty.edu/aat/300041738"/>
    <dcterms:isPartOf xml:lang="en">Europeana Sport</dcterms:isPartOf>
    <dcterms:issued>1951-00-00</dcterms:issued>
    <dcterms:spatial/>
    <dcterms:temporal rdf:resource="http://www.wikidata.org/entity/Q36297"/>
    <edm:type>IMAGE</edm:type>
  </edm:ProvidedCHO>
  <edm:WebResource rdf:about="https%3A%2F%2Fcitytelling.org%2FgetImage.php%3Fid%3D1936%26w%3D2500%26h%3D1875%26f%3D0%26.jpg">
    <dc:creator>Associazione culturale GoTellGo</dc:creator>
    <dc:format>image/jpeg</dc:format>
    <dc:rights xml:lang="it">Associazione culturale GoTellGo</dc:rights>
    <edm:rights rdf:resource="http://creativecommons.org/publicdomain/mark/1.0/"/>
  </edm:WebResource>
  <edm:TimeSpan rdf:about="http://www.wikidata.org/entity/Q36297">
    <skos:prefLabel xml:lang="it">Anni 1950</skos:prefLabel>
    <skos:prefLabel xml:lang="en">1950s</skos:prefLabel>
    <edm:begin>01/01/1950</edm:begin>
    <edm:end>31/12/1959</edm:end>
  </edm:TimeSpan>
  <ore:Aggregation rdf:about="Aggregation/Foto_Sport_I_n_1_27_10_1951_27">
    <edm:aggregatedCHO rdf:resource="Foto_Sport_I_n_1_27_10_1951_27"/>
    <edm:dataProvider>Associazione culturale GoTellGo</edm:dataProvider>
    <edm:isShownAt rdf:resource="https://citytelling.org/it/112/gino-bartali-37-anni-183-vittorie/show/1/566"/>
    <edm:isShownBy rdf:resource="https://citytelling.org/getImage.php?id=1936.jpg"/>
    <edm:object rdf:resource="https://citytelling.org/getImage.php?id=1936.jpg"/>
    <edm:provider>Museu</edm:provider>
    <edm:rights rdf:resource="http://creativecommons.org/publicdomain/mark/1.0/"/>
  </ore:Aggregation>
</rdf:RDF>