﻿<?xml version="1.0" encoding="utf-8"?>
<rdf:RDF xmlns:wgs84_pos="http://www.w3.org/2003/01/geo/wgs84_pos#" xmlns:oai_dc="http://www.openarchives.org/OAI/2.0/oai_dc/" xmlns:dc="http://purl.org/dc/elements/1.1/" xmlns:dcterms="http://purl.org/dc/terms/" xmlns:dct="http://purl.org/dc/terms/" xmlns:edm="http://www.europeana.eu/schemas/edm/" xmlns:foaf="http://xmlns.com/foaf/0.1/" xmlns:owl="http://www.w3.org/2002/07/owl#" xmlns:rdf="http://www.w3.org/1999/02/22-rdf-syntax-ns#" xmlns:rdfs="http://www.w3.org/2000/01/rdf-schema#" xmlns:skos="http://www.w3.org/2004/02/skos/core#" xmlns:ore="http://www.openarchives.org/ore/terms/" xmlns:svcs="http://rdfs.org/sioc/services#" xmlns:doap="http://usefulinc.com/ns/doap#" xmlns:rdaGr2="http://rdvocab.info/ElementsGr2/">
  <edm:ProvidedCHO rdf:about="http://mint-projects.image.ntua.gr/Museu/ProvidedCHO/Ajuntament de Girona/1111008">
    <dc:contributor xml:lang="ca">Televisió de Girona</dc:contributor>
    <dc:date>21-03-2016</dc:date>
    <dc:description xml:lang="ca">Celebració del Torneig de Rugbi Ciutat de Girona organitzat per la secció de rugbi del GEiEG en què participen nens i nenes d'entre 5 i 13 anys. Imatges de diversos partits. Declaracions de Núria Canals (entrenadora de l’escola de rugbi del GEiEG).</dc:description>
    <dc:format>Video</dc:format>
    <dc:identifier>1111008</dc:identifier>
    <dc:rights>Ajuntament de Girona</dc:rights>
    <dc:source xml:lang="ca">Fons Televisió de Girona</dc:source>
    <dc:subject xml:lang="ca">GEiEG (Grup Excursionista i Esportiu Gironí)</dc:subject>
    <dc:subject xml:lang="ca">Torneig de Rugbi Ciutat de Girona</dc:subject>
    <dc:subject xml:lang="ca">Canals, Núria (entrenadora)</dc:subject>
    <dc:subject rdf:resource="http://vocab.getty.edu/aat/300222800"/>
    <dc:subject rdf:resource="http://www.wikidata.org/entity/Q7569"/>
    <dc:subject rdf:resource="http://vocab.getty.edu/aat/300247581"/>
    <dc:subject xml:lang="ca">Rugbi</dc:subject>
    <dc:subject xml:lang="ca">Nens</dc:subject>
    <dc:subject xml:lang="ca">Nenes</dc:subject>
    <dc:title xml:lang="ca">[Torneig de rugbi Ciutat de Girona]</dc:title>
    <dc:type rdf:resource="http://vocab.getty.edu/aat/300054153"/>
    <dc:type rdf:resource="http://vocab.getty.edu/aat/300134530"/>
    <dcterms:isPartOf>Europeana Sport</dcterms:isPartOf>
    <dcterms:medium/>
    <dcterms:spatial xml:lang="ca">Girona (Gironès, el)</dcterms:spatial>
    <dcterms:spatial xml:lang="ca">Catalunya</dcterms:spatial>
    <edm:type>VIDEO</edm:type>
  </edm:ProvidedCHO>
  <ore:Aggregation rdf:about="http://mint-projects.image.ntua.gr/Museu/ProvidedCHO/Ajuntament de Girona/1111008">
    <edm:aggregatedCHO rdf:resource="http://mint-projects.image.ntua.gr/Museu/ProvidedCHO/Ajuntament de Girona/1111008"/>
    <edm:dataProvider>Ajuntament de Girona</edm:dataProvider>
    <edm:isShownAt rdf:resource="https://sgdap.girona.cat/fotoweb/archives/5015-V%C3%ADdeos/Audiovisuals/Rugbi_seleccio/1111008.mp4.info"/>
    <edm:isShownBy rdf:resource="https://sgdap.girona.cat/fotoweb/proxies/video/4/5/45f8ccb817ad48429d049a52d0cec680/1111008.mp4"/>
    <edm:provider>Museu</edm:provider>
    <edm:rights rdf:resource="http://creativecommons.org/licenses/by-nc-nd/4.0/"/>
  </ore:Aggregation>
</rdf:RDF>