<?xml version="1.0" encoding="UTF-8"?>
<rdf:RDF xmlns:dc="http://purl.org/dc/elements/1.1/"
  xmlns:dcterms="http://purl.org/dc/terms/"
  xmlns:edm="http://www.europeana.eu/schemas/edm/"
  xmlns:ore="http://www.openarchives.org/ore/terms/"
  xmlns:rdaGr2="http://rdvocab.info/ElementsGr2/"
  xmlns:rdf="http://www.w3.org/1999/02/22-rdf-syntax-ns#"
  xmlns:rdfs="http://www.w3.org/2000/01/rdf-schema#"
  xmlns:wgs84_pos="http://www.w3.org/2003/01/geo/wgs84_pos#" xmlns:xalan="http://xml.apache.org/xalan">
  <edm:ProvidedCHO rdf:about="SM007200">
    <dc:creator xml:lang="de">Grafiker: G. Kretzschmar</dc:creator>
    <dc:description xml:lang="de">Postkarte, coloriert, Farbdruck, dargestellt junger Sportler und junge Frau, Ganzfiguren, beide sich gegenüber stehend und an den Händen haltend, im Hintergrund hochstehende, stilisierte Sonne, darin FFST-Symbolik, Stadtansicht (von Grimma?), darunter Schriftfeld, Karte nicht gelaufen</dc:description>
    <dc:description xml:lang="de">Bezirks-Jugend-Treffen des Arbeiter-Turn-und-Sportbundes 5.-6. September 1925 in Grimma</dc:description>
    <dc:format xml:lang="de">Druck</dc:format>
    <dc:identifier>PK 28(Inventarnummer) | </dc:identifier>
    <dc:identifier>SM007200</dc:identifier>
    <dc:rights xml:lang="de">Stadtgeschichtliches Museum Leipzig</dc:rights>
    <dc:subject xml:lang="de">Sport</dc:subject>
    <dc:subject xml:lang="de">Grimma / Bezirks-Jugend-Treffen &lt;1925&gt;</dc:subject>
    <dc:subject rdf:resource="http://www.wikidata.org/entity/Q43450"/>
    <dc:subject xml:lang="de">Turner</dc:subject>
    <dc:title xml:lang="de">Bezirks-Jugend-Treffen des Arbeiter- Turn- u. Sportbundes 1925</dc:title>
    <dc:type xml:lang="de">Postkarte</dc:type>
    <dc:type rdf:resource="http://udcdata.info/rdf/066666"/>
    <dcterms:created xml:lang="de">1925</dcterms:created>
    <dcterms:extent xml:lang="de">Höhe x Breite: 14,5 x 10,5 cm</dcterms:extent>
    <dcterms:isPartOf xml:lang="en">Europeana Sport</dcterms:isPartOf>
    <dcterms:medium xml:lang="de">Karton</dcterms:medium>
    <dcterms:provenance xml:lang="de">Stadtgeschichtliches Museum Leipzig, Leipzig</dcterms:provenance>
    <dcterms:spatial xml:lang="de">Grimma</dcterms:spatial>
    <dcterms:spatial xml:lang="de">Grimma</dcterms:spatial>
    <dcterms:temporal xml:lang="de">1925</dcterms:temporal>
    <dcterms:temporal xml:lang="de">1925.09.05. bis 06.</dcterms:temporal>
    <edm:currentLocation xml:lang="de">Stadtgeschichtliches Museum Leipzig</edm:currentLocation>
    <edm:type>IMAGE</edm:type>
  </edm:ProvidedCHO>
  <edm:WebResource rdf:about="https://www.stadtmuseum.leipzig.de/DE-MUS-853418/objekt=SM007200"/>
  <edm:WebResource rdf:about="https://www.stadtmuseum.leipzig.de/DE-MUS-853418/medien/wmMedium=SM007200"/>
  <edm:WebResource rdf:about="https://www.stadtmuseum.leipzig.de/DE-MUS-853418/medien/wmZoom=SM007200"/>
  <ore:Aggregation rdf:about="Aggregation/SM007200">
    <edm:aggregatedCHO rdf:resource="SM007200"/>
    <edm:dataProvider>Stadtgeschichtliches Museum Leipzig</edm:dataProvider>
    <edm:isShownAt rdf:resource="https://www.stadtmuseum.leipzig.de/DE-MUS-853418/objekt=SM007200"/>
    <edm:isShownBy rdf:resource="https://www.stadtmuseum.leipzig.de/DE-MUS-853418/medien/wmZoom=SM007200"/>
    <edm:object rdf:resource="https://www.stadtmuseum.leipzig.de/DE-MUS-853418/medien/wmMedium=SM007200"/>
    <edm:provider>Museu</edm:provider>
    <edm:rights rdf:resource="http://creativecommons.org/licenses/by-nc-sa/4.0/"/>
  </ore:Aggregation>
</rdf:RDF>