﻿<?xml version="1.0" encoding="utf-8"?>
<rdf:RDF xmlns:wgs84_pos="http://www.w3.org/2003/01/geo/wgs84_pos#" xmlns:oai_dc="http://www.openarchives.org/OAI/2.0/oai_dc/" xmlns:dc="http://purl.org/dc/elements/1.1/" xmlns:dcterms="http://purl.org/dc/terms/" xmlns:dct="http://purl.org/dc/terms/" xmlns:edm="http://www.europeana.eu/schemas/edm/" xmlns:foaf="http://xmlns.com/foaf/0.1/" xmlns:owl="http://www.w3.org/2002/07/owl#" xmlns:rdf="http://www.w3.org/1999/02/22-rdf-syntax-ns#" xmlns:rdfs="http://www.w3.org/2000/01/rdf-schema#" xmlns:skos="http://www.w3.org/2004/02/skos/core#" xmlns:ore="http://www.openarchives.org/ore/terms/" xmlns:svcs="http://rdfs.org/sioc/services#" xmlns:doap="http://usefulinc.com/ns/doap#" xmlns:rdaGr2="http://rdvocab.info/ElementsGr2/">
  <edm:ProvidedCHO rdf:about="BJC1857214">
    <dc:creator>Arion, Ion</dc:creator>
    <dc:description xml:lang="ro">Virginia Ruzici (n. 31 ianuarie 1955, Câmpia Turzii, Judeţul Cluj) este prima jucătoare de tenis din ţara noastră câştigătoare a unui turneu de Mare Slem (1978). De pe terenurile din „Colonia Maria”, locul de formare și antrenament al tenismenilor din Câmpia Turzii, Virginia a făcut pas cu pas drumul până la Roland-Garros. Virginia este fiica unui apreciat fotbalist plecat din Câmpia Turzii, acolo unde s-a şi lansat, la fosta Divizie B Arieşul Turda câştigătoare a unei ediţii a Cupei Românie şi care avea să ajungă titular la una din cele mai titrate echipe de fotbal din România din perioada interbelică, FC Rapid. Virginia Ruzici este una din cele 7 jucătoare de tenis din lume care reuşise să se califice în toate cele 3 finale existente în cadrul unui turneu de Grand Prix: la simplu, dublu şi dublu mixt, în 1978, la Roland-Garros, impunându-se în primele 2. Jucând în sferturi de finală la Australian Open (1980), Wimbledon (1978 şi 1981) şi la US Open (1976 şi 1978), ea a înregistrat 14 victorii la simplu, de 11 ori s-a aflat în finale de simplu, de 7 ori a cucerit titluri la dublu, de 9 ori s-a aflat în finale de dublu şi de două ori a ajuns în finale de dublu mixt. Nu există în tenisul feminin românesc un palmares care să îl egaleze. S-a retras din cariera sportivă în anul 1987. După încheierea carierei, până în 1993, a lucrat pentru grupul IMG-Mc Cormack, în calitate de manager, ocupându-se în special de jucătoarele Monica Seles, Mary Pierce şi Aranta Sanchez. Apoi a trecut în televiziune făcând cometarii pentru diverse canale. A lucrat pentru “Eurosport” în Franţa, apoi pentru “Pathe Sport”, o vreme pentru “Paris Première” în limba engleză, dar şi pentru canalul australian “Channel 7”.</dc:description>
    <dc:identifier>BJC1857214</dc:identifier>
    <dc:language>ro</dc:language>
    <dc:subject xml:lang="en">sport</dc:subject>
    <dc:subject rdf:resource="http://www.wikidata.org/entity/Q847"/>
    <dc:title xml:lang="ro">Tenismeni din Câmpia Turzii (în centru Virginia Ruzici, prima jucătoare de tenis din ţara noastră câştigătoare a unui turneu de Mare Slem (1978), și antrenorul Vaida Gavrilă)</dc:title>
    <dc:type rdf:resource="http://vocab.getty.edu/aat/300046300"/>
    <dcterms:isPartOf xml:lang="en">Europeana Sport</dcterms:isPartOf>
    <dcterms:issued>[1978]</dcterms:issued>
    <dcterms:provenance xml:lang="ro">Dana Deac</dcterms:provenance>
    <dcterms:spatial rdf:resource="https://sws.geonames.org/681865/"/>
    <edm:type>IMAGE</edm:type>
  </edm:ProvidedCHO>
  <edm:WebResource rdf:about="http://catalog.bjc.ro/media/bjc1857305/15150">
    <dc:creator>Biblioteca Județeană "Octavian Goga"</dc:creator>
    <dc:format>image/jpeg</dc:format>
    <dc:rights xml:lang="ro">Biblioteca Județeană "Octavian Goga"</dc:rights>
    <edm:rights rdf:resource="http://creativecommons.org/publicdomain/mark/1.0/"/>
  </edm:WebResource>
  <ore:Aggregation rdf:about="Aggregation/BJC1857214">
    <edm:aggregatedCHO rdf:resource="BJC1857214"/>
    <edm:dataProvider>Biblioteca Județeană "Octavian Goga"</edm:dataProvider>
    <edm:isShownBy rdf:resource="http://catalog.bjc.ro/media/bjc1857305/15150"/>
    <edm:provider>Museu</edm:provider>
    <edm:rights rdf:resource="http://creativecommons.org/publicdomain/mark/1.0/"/>
  </ore:Aggregation>
</rdf:RDF>