﻿<?xml version="1.0" encoding="utf-8"?>
<rdf:RDF xmlns:dc="http://purl.org/dc/elements/1.1/" xmlns:edm="http://www.europeana.eu/schemas/edm/" xmlns:foaf="http://xmlns.com/foaf/0.1/" xmlns:rdaGr2="http://rdvocab.info/ElementsGr2/" xmlns:ore="http://www.openarchives.org/ore/terms/" xmlns:dcterms="http://purl.org/dc/terms/" xmlns:rdfs="http://www.w3.org/2000/01/rdf-schema#" xmlns:owl="http://www.w3.org/2002/07/owl#" xmlns:rdf="http://www.w3.org/1999/02/22-rdf-syntax-ns#" xmlns:crm="http://www.cidoc-crm.org/rdfs/cidoc_crm_v5.0.2_english_label.rdfs#" xmlns:wgs84="http://www.w3.org/2003/01/geo/wgs84_pos#" xmlns:skos="http://www.w3.org/2004/02/skos/core#" xmlns:xalan="http://xml.apache.org/xalan">
  <edm:ProvidedCHO rdf:about="http://mint-projects.image.ntua.gr/data/euscreenXL/EUS_0B6060D3AFA6433F93C57260F13457F2">
    <dc:description xml:lang="en">In Matera the recovery of the "Sassi" demands the evacuation of the ancient rupestrian houses. Minister Colombo inaugurates the new houses in the Lanera district</dc:description>
    <dc:description xml:lang="it">Original language summary: <br/> A Matera il risanamento dei Sassi ha reso necessario lo sgombero delle antiche abitazioni rupestri. Consegnati dal ministro Colombo i nuovi alloggi del quartiere Lanera</dc:description>
    <dc:description>Extended description: Veduta di Matera arroccata su un'altura|scorci degli antichi quartieri rupestri, immagini delle abitazioni scavate nel tufo|Matera vista dall'alto|campi coltivati, sullo sfondo i nuovi edifici cosrtruiti per gli abitanti della città sgomberati dai Sassi|un alto prelato benedice il nastro inaugurale; alla sua destra il ministro Colombo; tra le autorità presenti anche il sottosegretario Sedati|Emilio Colombo taglia il nastro inaugurale|folla adunata in un piazzale del nuovo quartiere per la distribuzione degli alloggi|Emilio Colombo tiene un discorso|i destinatari degli alloggi ascoltano il discorso del ministro|vengono distribuite le chiavi e i documenti delle nuove case|un uomo legge un documento attestante la proprietà cui sono allegate le chiavi del nouvo alloggio|vista dall'alto delle palazzine del nuovo quartiere</dc:description>
    <dc:format xml:lang="en">ASPECT RATIO: 4:3</dc:format>
    <dc:format xml:lang="en">Black & White</dc:format>
    <dc:format xml:lang="en">Mono</dc:format>
    <dc:format xml:lang="en">VIDEO</dc:format>
    <dc:identifier>OC008001</dc:identifier>
    <dc:language xml:lang="en">Italian</dc:language>
    <dc:publisher>INCOM</dc:publisher>
    <dc:rights xml:lang="en">All rights reserved Istituto Luce - Cinecittà</dc:rights>
    <dc:subject>Arts and culture</dc:subject>
    <dc:subject rdf:resource="http://thesaurus.euscreen.eu/EUscreenXL/v1/469"/>
    <dc:subject>Colombo, Emilio</dc:subject>
    <dc:subject>Sedati, Giacomo</dc:subject>
    <dc:subject>Matera</dc:subject>
    <dc:subject>edilizia</dc:subject>
    <dc:title xml:lang="it">Scompaiono i 'Sassi'</dc:title>
    <dc:title xml:lang="en">"Sassi" are disappearing</dc:title>
    <dc:type rdf:resource="http://www.wikidata.org/entity/Q38926"/>
    <dc:type xml:lang="en">CLIP</dc:type>
    <dcterms:alternative xml:lang="en">SERIES TITLE: Horizon film magazine</dcterms:alternative>
    <dcterms:alternative xml:lang="it">Orizzonte cinematografico</dcterms:alternative>
    <dcterms:extent>00:00:54</dcterms:extent>
    <dcterms:isPartOf rdf:resource="http://mint-projects.image.ntua.gr/data/euscreenXL/EUS_51934B76CA1CBF0D6E723550A718B6CF"/>
    <dcterms:isPartOf xml:lang="en">Europeana Subtitled</dcterms:isPartOf>
    <dcterms:issued>02/01/1958</dcterms:issued>
    <dcterms:spatial>Matera</dcterms:spatial>
    <edm:type>VIDEO</edm:type>
  </edm:ProvidedCHO>
  <skos:Concept rdf:about="http://thesaurus.euscreen.eu/EUscreenXL/v1/469">
    <skos:prefLabel xml:lang="cs">Stavba domů</skos:prefLabel>
    <skos:prefLabel xml:lang="lt">Namų statyba</skos:prefLabel>
    <skos:prefLabel xml:lang="ca">Construcció d'habitatges</skos:prefLabel>
    <skos:prefLabel xml:lang="pl">Budowa domów</skos:prefLabel>
    <skos:prefLabel xml:lang="el">Οικοδόμηση κατοικιών</skos:prefLabel>
    <skos:prefLabel xml:lang="en">House building</skos:prefLabel>
    <skos:prefLabel xml:lang="da">Bygning af huse</skos:prefLabel>
    <skos:prefLabel xml:lang="sv">Husbygge</skos:prefLabel>
    <skos:prefLabel xml:lang="hu">ház/épület/házépítés</skos:prefLabel>
    <skos:prefLabel xml:lang="it">Edilizia Residenziale</skos:prefLabel>
    <skos:prefLabel xml:lang="nl">Woningbouw</skos:prefLabel>
    <skos:prefLabel xml:lang="sl">Gradnja hiš</skos:prefLabel>
    <skos:prefLabel xml:lang="pt">Obras de Construção Cívil</skos:prefLabel>
    <skos:prefLabel xml:lang="ro">Construire case</skos:prefLabel>
    <skos:prefLabel xml:lang="fr">Construction de maison</skos:prefLabel>
    <skos:broader rdf:resource="http://thesaurus.euscreen.eu/EUscreenXL/v1/467"/>
    <skos:inScheme rdf:resource="http://thesaurus.euscreen.eu/EUscreenXL/v1/ConceptScheme"/>
  </skos:Concept>
  <ore:Aggregation rdf:about="http://mint-projects.image.ntua.gr/data/euscreenXL/Aggregation_EUS_0B6060D3AFA6433F93C57260F13457F2">
    <edm:aggregatedCHO rdf:resource="http://mint-projects.image.ntua.gr/data/euscreenXL/EUS_0B6060D3AFA6433F93C57260F13457F2"/>
    <edm:dataProvider>Istituto Luce - Cinecittà</edm:dataProvider>
    <edm:isShownAt rdf:resource="http://www.euscreen.eu/item.html?id=EUS_0B6060D3AFA6433F93C57260F13457F2"/>
    <edm:isShownBy rdf:resource="http://www.euscreen.eu/item.html?id=EUS_0B6060D3AFA6433F93C57260F13457F2"/>
    <edm:object rdf:resource="http://images3.noterik.com/domain/euscreenxl/user/eu_luce/video/EUS_0B6060D3AFA6433F93C57260F13457F2/image.jpg"/>
    <edm:provider>EUscreen</edm:provider>
    <edm:rights rdf:resource="http://rightsstatements.org/vocab/InC-EDU/1.0/"/>
  </ore:Aggregation>
</rdf:RDF>