﻿<?xml version="1.0" encoding="utf-8"?>
<rdf:RDF xmlns:dc="http://purl.org/dc/elements/1.1/" xmlns:edm="http://www.europeana.eu/schemas/edm/" xmlns:foaf="http://xmlns.com/foaf/0.1/" xmlns:rdaGr2="http://rdvocab.info/ElementsGr2/" xmlns:ore="http://www.openarchives.org/ore/terms/" xmlns:dcterms="http://purl.org/dc/terms/" xmlns:rdfs="http://www.w3.org/2000/01/rdf-schema#" xmlns:owl="http://www.w3.org/2002/07/owl#" xmlns:rdf="http://www.w3.org/1999/02/22-rdf-syntax-ns#" xmlns:crm="http://www.cidoc-crm.org/rdfs/cidoc_crm_v5.0.2_english_label.rdfs#" xmlns:wgs84="http://www.w3.org/2003/01/geo/wgs84_pos#" xmlns:skos="http://www.w3.org/2004/02/skos/core#" xmlns:xalan="http://xml.apache.org/xalan">
  <edm:ProvidedCHO rdf:about="http://mint-projects.image.ntua.gr/data/euscreenXL/EUS_081457CA0351ADDB004DDEA306CDDCF9">
    <dc:creator>Amanda Murphy</dc:creator>
    <dc:creator>John Ellis</dc:creator>
    <dc:creator>Nick Hall</dc:creator>
    <dc:description xml:lang="en">This video is part of the series ADAPT: Outside Broadcast Sound Demonstration, which shows how sound engineers placed microphones, captured sound, and managed communications with BBC Television Centre during an outside broadcast. In this full-length video, sound engineers explain setting up communications channels called "talkback" on set, and making decisions about the type and placement of microphones used in the 2016 recreation of a 1972 darts tournament .</dc:description>
    <dc:description xml:lang="en">Original language summary: <br/> This video is part of the series ADAPT: Outside Broadcast Sound Demonstration, which shows how sound engineers placed microphones, captured sound, and managed communications with BBC Television Centre during an outside broadcast. In this full-length video, sound engineers explain setting up communications channels called "talkback" on set, and making decisions about the type and placement of microphones used in the 2016 recreation of a 1972 darts tournament .</dc:description>
    <dc:description xml:lang="en">Extended description: The collection ADAPT: Outside Broadcast documents a team of veteran television camera operators, electricians, riggers, sound engineers, producers and production assistants who worked on BBC outside broadcasts in the 1960s and 1970s recreating various aspects of their work. This video is part of the series ADAPT: Outside Broadcast Sound Demonstration, which shows how sound engineers placed microphones, captured sound, and managed communications with BBC Television Centre during an outside broadcast. In this full-length video, sound engineers explain setting up communications channels called "talkback" on set, and making decisions about the type and placement of microphones used in the 2016 recreation of a 1972 darts tournament. This footage was filmed in May 2016 on location at Northop Hall hotel near Hawarden in Flintshire, United Kingdom. The professionals' working practices and memories were filmed using fixed miniature cameras and recorded using wireless microphones. The recreations and conversations were free-flowing with occasional questions and interventions from the ADAPT crew. ADAPT (2013-8) is a European Research Council project at Royal Holloway University of London funded under the European Union’s Horizon 2020 research and innovation programme (grant agreement No 323626). The project studies the history of technologies in television, focussing on their everyday use in production activities. ADAPT examines what technologies were adopted and why; how they worked; and how people worked with them. As well as publishing written accounts, the project carries out 'simulations' that reunite retired equipment with the people who used to use it. Participants in these simulations explain how each machine worked and how different machines worked together as an 'array'; how they adapted the machines; and how they worked together as teams within the overall production process. http://www.adaptTVhistory.org.uk https://doi.org/10.17637/rh.c.3925603.v5</dc:description>
    <dc:description xml:lang="en">Information: About the project ADAPT (2013-8) is a European Research Council project at Royal Holloway University of London funded under the European Union’s Horizon 2020 research and innovation programme (grant agreement No 323626). The project studies the history of technologies in television, focussing on their everyday use in production activities. ADAPT examines what technologies were adopted and why; how they worked; and how people worked with them. As well as publishing written accounts, the project carries out 'simulations' that reunite retired equipment with the people who used to use it. Participants in these simulations explain how each machine worked and how different machines worked together as an 'array'; how they adapted the machines; and how they worked together as teams within the overall production process.</dc:description>
    <dc:format xml:lang="en">ASPECT RATIO: 16:9</dc:format>
    <dc:format xml:lang="en">Colour</dc:format>
    <dc:format xml:lang="en">Stereo</dc:format>
    <dc:format xml:lang="en">VIDEO</dc:format>
    <dc:identifier>5989072</dc:identifier>
    <dc:language xml:lang="en">English</dc:language>
    <dc:publisher xml:lang="en">Royal Holloway University of London</dc:publisher>
    <dc:rights>Attribution 4.0 International (CC BY 4.0) https://creativecommons.org/licenses/by/4.0/</dc:rights>
    <dc:subject xml:lang="en">The media</dc:subject>
    <dc:subject rdf:resource="http://thesaurus.euscreen.eu/EUscreenXL/v1/332"/>
    <dc:subject xml:lang="en">Microphone</dc:subject>
    <dc:title xml:lang="en">ADAPT: Outside Broadcast Sound Demonstration (full-length)</dc:title>
    <dc:title xml:lang="en">ADAPT: Outside Broadcast Sound Demonstration (full-length)</dc:title>
    <dc:type xml:lang="en">ITEM</dc:type>
    <dc:type xml:lang="en">Entertainment and performing arts</dc:type>
    <dcterms:alternative xml:lang="en">SERIES TITLE: ADAPT: Outside Broadcast Sound Demonstration</dcterms:alternative>
    <dcterms:alternative xml:lang="en">ADAPT: Outside Broadcast Sound Demonstration</dcterms:alternative>
    <dcterms:created>2016</dcterms:created>
    <dcterms:extent>00:14:55</dcterms:extent>
    <dcterms:isPartOf xml:lang="en">Europeana Crafted</dcterms:isPartOf>
    <dcterms:issued>17/05/2016</dcterms:issued>
    <dcterms:spatial xml:lang="en">Flintshire</dcterms:spatial>
    <dcterms:spatial xml:lang="en">United Kingdom</dcterms:spatial>
    <edm:type>VIDEO</edm:type>
  </edm:ProvidedCHO>
  <skos:Concept rdf:about="http://thesaurus.euscreen.eu/EUscreenXL/v1/332">
    <skos:prefLabel xml:lang="it">Produzione televisiva</skos:prefLabel>
    <skos:prefLabel xml:lang="el">Τηλεοπτική παραγωγή</skos:prefLabel>
    <skos:prefLabel xml:lang="da">Tv Produktion</skos:prefLabel>
    <skos:prefLabel xml:lang="cs">Televizní výroba</skos:prefLabel>
    <skos:prefLabel xml:lang="ca">Producció televisiva</skos:prefLabel>
    <skos:prefLabel xml:lang="de">Fernsehproduktion</skos:prefLabel>
    <skos:prefLabel xml:lang="pt">Produção de Televisão</skos:prefLabel>
    <skos:prefLabel xml:lang="nl">Televisie productie</skos:prefLabel>
    <skos:prefLabel xml:lang="fr">Production de la télévision</skos:prefLabel>
    <skos:prefLabel xml:lang="sv">TV-produktion</skos:prefLabel>
    <skos:prefLabel xml:lang="hu">televíziós gyártás</skos:prefLabel>
    <skos:prefLabel xml:lang="ro">Productia de televiziune</skos:prefLabel>
    <skos:prefLabel xml:lang="en">Television Production</skos:prefLabel>
    <skos:prefLabel xml:lang="lt">Televizijos produkcija</skos:prefLabel>
    <skos:prefLabel xml:lang="sl">Televizijska produkcija</skos:prefLabel>
    <skos:broader rdf:resource="http://thesaurus.euscreen.eu/EUscreenXL/v1/279"/>
    <skos:inScheme rdf:resource="http://thesaurus.euscreen.eu/EUscreenXL/v1/ConceptScheme"/>
  </skos:Concept>
  <ore:Aggregation rdf:about="http://mint-projects.image.ntua.gr/data/euscreenXL/Aggregation_EUS_081457CA0351ADDB004DDEA306CDDCF9">
    <edm:aggregatedCHO rdf:resource="http://mint-projects.image.ntua.gr/data/euscreenXL/EUS_081457CA0351ADDB004DDEA306CDDCF9"/>
    <edm:dataProvider>Royal Holloway University London</edm:dataProvider>
    <edm:isShownAt rdf:resource="http://www.euscreen.eu/item.html?id=EUS_081457CA0351ADDB004DDEA306CDDCF9"/>
    <edm:isShownBy rdf:resource="http://www.euscreen.eu/item.html?id=EUS_081457CA0351ADDB004DDEA306CDDCF9"/>
    <edm:object rdf:resource="http://images3.noterik.com/domain/euscreenxl/user/eu_rh/video/EUS_081457CA0351ADDB004DDEA306CDDCF9/shots/1/h/0/m/0/sec5.jpg"/>
    <edm:provider>EUscreen</edm:provider>
    <edm:rights rdf:resource="http://creativecommons.org/licenses/by/4.0/"/>
  </ore:Aggregation>
</rdf:RDF>