﻿<?xml version="1.0" encoding="utf-8"?>
<rdf:RDF xmlns:dc="http://purl.org/dc/elements/1.1/" xmlns:edm="http://www.europeana.eu/schemas/edm/" xmlns:foaf="http://xmlns.com/foaf/0.1/" xmlns:rdaGr2="http://rdvocab.info/ElementsGr2/" xmlns:ore="http://www.openarchives.org/ore/terms/" xmlns:dcterms="http://purl.org/dc/terms/" xmlns:rdfs="http://www.w3.org/2000/01/rdf-schema#" xmlns:owl="http://www.w3.org/2002/07/owl#" xmlns:rdf="http://www.w3.org/1999/02/22-rdf-syntax-ns#" xmlns:crm="http://www.cidoc-crm.org/rdfs/cidoc_crm_v5.0.2_english_label.rdfs#" xmlns:wgs84="http://www.w3.org/2003/01/geo/wgs84_pos#" xmlns:skos="http://www.w3.org/2004/02/skos/core#" xmlns:xalan="http://xml.apache.org/xalan">
  <edm:ProvidedCHO rdf:about="http://mint-projects.image.ntua.gr/data/euscreenXL/https://www.openbeelden.nl/media/665495">
    <dcterms:isPartOf xml:lang="en">Europeana XX: Century of Change</dcterms:isPartOf>
    <dc:description edm:confidenceLevel="0.83" edm:wasGeneratedBy="SoftwareAgent" xml:lang="en">The Netherlands are under the spell of winter sports. SHOTS: - A large crowd of water birds scurry around in and near a crack in the ice; - div. shots of skaters, adults and children, experts and beginners; both on ice rinks or frozen open water in and near the cities, and on ditches and canals in the polders; - on the Zwet near Wormer, skaters hold on to portable constructions with a sail and let the wind blow them forward; - On the Loosdrecht lakes, skaters start off in the cutting cold for an achievement race over a number of laps, passing a checkpoint; - On the ice-skating rink near Zutphen, the Dutch speed skating championships are held; the final battle, between Broekman and Maarse, is won by Kees Broekman.</dc:description>
    <dc:description edm:confidenceLevel="0.83" edm:wasGeneratedBy="SoftwareAgent" xml:lang="en">Cinema newsreels in which Dutch subjects of a certain week are presented.</dc:description>
    <dc:title edm:confidenceLevel="0.83" edm:wasGeneratedBy="SoftwareAgent" xml:lang="en">Ice pleasures in our country, ice sailing on skates, the round of Loosdrecht, Kees Broekman wins the national championship in Zutphen</dc:title>
    <dc:creator xml:lang="nl">Polygoon-Profilti (producent)</dc:creator>
    <dc:creator xml:lang="nl">Nederlands Instituut voor Beeld en Geluid (beheerder)</dc:creator>
    <dc:date>1951-01-01</dc:date>
    <dc:description xml:lang="nl">Bioscoopjournaals waarin Nederlandse onderwerpen van een bepaalde week worden gepresenteerd.</dc:description>
    <dc:description xml:lang="nl">Nederland is in de ban van winterse sporten. SHOTS: - Een grote menigte watervogels scharrelt rond in en bij een wak in het ijs; - div. shots van schaatsers, volwassenen en kinderen, geroutineerden en beginners; zowel op ijsbanen of bevroren buitenwater in en bij de steden als op sloten en vaarten in de polder; - op het Zwet bij Wormer houden schaatsers draagbare constructies met een zeil vast en laten zich door de wind voortblazen; - op de Loosdrechtse plassen gaan schaatsers in de snijdende kou van start voor een prestatietocht over een aantal ronden en passeren daarbij een contrôlepost; - op de ijsbaan bij Zutphen worden de Nederlandse schaatskampioenschappen verreden; de eindstrijd, tussen Broekman en Maarse, wordt gewonnen door Kees Broekman.  </dc:description>
    <dc:identifier>515448</dc:identifier>
    <dc:language>nl</dc:language>
    <dc:publisher xml:lang="nl">Nederlands Instituut voor Beeld en Geluid</dc:publisher>
    <dc:publisher rdf:resource="https://www.openbeelden.nl/users/beeldengeluid"/>
    <dc:rights xml:lang="nl">Polygoon-Profilti (producent) / Nederlands Instituut voor Beeld en Geluid (beheerder)</dc:rights>
    <dc:source xml:lang="en">Open Images</dc:source>
    <dc:source xml:lang="nl">Open Beelden</dc:source>
    <dc:subject edm:confidenceLevel="1.0" edm:wasGeneratedBy="SoftwareAgent" rdf:resource="http://www.wikidata.org/entity/Q2180141"/>
    <dc:subject edm:confidenceLevel="0.32" edm:wasGeneratedBy="SoftwareAgent" rdf:resource="http://www.wikidata.org/entity/Q5550139"/>
    <dc:subject xml:lang="nl">ijszeilen</dc:subject>
    <dc:subject xml:lang="nl">ijspret</dc:subject>
    <dc:subject xml:lang="nl">schaatsenrijden</dc:subject>
    <dc:subject xml:lang="nl">schaatswedstrijden</dc:subject>
    <dc:subject xml:lang="nl">Broekman, Kees</dc:subject>
    <dc:subject xml:lang="nl">Maarse, Gerard</dc:subject>
    <dc:subject xml:lang="nl">NK</dc:subject>
    <dc:title xml:lang="nl">IJsgenoegens in ons land, ijszeilen op de schaats, de ronde van Loosdrecht, Kees Broekman wint het nationaal kampioenschap te Zutphen</dc:title>
    <dc:type rdf:resource="http://vocab.getty.edu/aat/300263857"/>
    <dcterms:alternative xml:lang="nl">Weeknummer 51-01</dcterms:alternative>
    <dcterms:extent>PT3M38S</dcterms:extent>
    <dcterms:hasFormat>film</dcterms:hasFormat>
    <dcterms:spatial edm:wasGeneratedBy="SoftwareAgent" rdf:resource="http://www.wikidata.org/entity/Q29999"/>
    <dcterms:spatial edm:wasGeneratedBy="SoftwareAgent" rdf:resource="http://www.wikidata.org/entity/Q55"/>
    <dcterms:spatial edm:confidenceLevel="1.0" edm:wasGeneratedBy="SoftwareAgent" rdf:resource="http://www.wikidata.org/entity/Q2341553"/>
    <dcterms:spatial edm:confidenceLevel="1.0" edm:wasGeneratedBy="SoftwareAgent" rdf:resource="http://www.wikidata.org/entity/Q109535"/>
    <dcterms:isPartOf>Europeana Subtitled</dcterms:isPartOf>
    <dcterms:spatial xml:lang="nl">Loosdrechtse Plassen</dcterms:spatial>
    <dcterms:spatial xml:lang="nl">Nederland</dcterms:spatial>
    <dcterms:spatial xml:lang="nl">Zutphen</dcterms:spatial>
    <edm:type>VIDEO</edm:type>
  </edm:ProvidedCHO>
  <ore:Aggregation rdf:about="http://mint-projects.image.ntua.gr/data/euscreenXL/Aggregation_https://www.openbeelden.nl/media/665495">
    <edm:aggregatedCHO rdf:resource="http://mint-projects.image.ntua.gr/data/euscreenXL/https://www.openbeelden.nl/media/665495"/>
    <edm:dataProvider>Netherlands Institute for Sound and Vision</edm:dataProvider>
    <edm:isShownAt rdf:resource="https://www.openbeelden.nl/media/665495"/>
    <edm:isShownBy rdf:resource="https://www.openbeelden.nl/files/06/65/666147.665494.WEEKNUMMER510-HRE000158F0_1258600_1477600.mp4"/>
    <edm:object rdf:resource="https://www.openbeelden.nl/images/676403/IJsgenoegens_in_ons_land%2C_ijszeilen_op_de_schaats%2C_de_ronde_van_Loosdrecht%2C_Kees_Broekman_wint_het_nationaal_kampioenschap_te_Zutphen_%281_49%29.png"/>
    <edm:provider>EUscreen</edm:provider>
    <edm:rights rdf:resource="http://creativecommons.org/licenses/by-sa/4.0/"/>
  </ore:Aggregation>
</rdf:RDF>