﻿<?xml version="1.0" encoding="utf-8"?>
<rdf:RDF xmlns:rdf="http://www.w3.org/1999/02/22-rdf-syntax-ns#" xmlns:ore="http://www.openarchives.org/ore/terms/" xmlns:xsi="http://www.w3.org/2001/XMLSchema-instance" xsi:schemaLocation="http://www.w3.org/1999/02/22-rdf-syntax-ns# EDM-EXTERNAL.xsd">
  <ore:Aggregation rdf:about="MNC_avManifestation_1037479000000304046">
    <edm:aggregatedCHO xmlns:edm="http://www.europeana.eu/schemas/edm/" rdf:resource="1037479000000304046"/>
    <edm:dataProvider xmlns:edm="http://www.europeana.eu/schemas/edm/">Museo Nazionale del Cinema</edm:dataProvider>
    <edm:isShownBy xmlns:edm="http://www.europeana.eu/schemas/edm/" rdf:resource="https://vimeo.com/85349423"/>
    <edm:object xmlns:edm="http://www.europeana.eu/schemas/edm/" rdf:resource="https://i.vimeocdn.com/video/1235055751-28151f776174af3829ba3e685e7b2f54492eee0524a2dcb291645db03b205153-d_640x360.jpg"/>
    <edm:provider xmlns:edm="http://www.europeana.eu/schemas/edm/" xml:lang="en">EFG - The European Film Gateway</edm:provider>
    <edm:rights xmlns:edm="http://www.europeana.eu/schemas/edm/" rdf:resource="http://creativecommons.org/publicdomain/mark/1.0/"/>
  </ore:Aggregation>
  <edm:ProvidedCHO xmlns:edm="http://www.europeana.eu/schemas/edm/" rdf:about="1037479000000304046">
    <dc:contributor xmlns:dc="http://purl.org/dc/elements/1.1/">Tiziano Film, Turin</dc:contributor>
    <dc:creator xmlns:dc="http://purl.org/dc/elements/1.1/">Marelli, Piero</dc:creator>
    <dc:description xmlns:dc="http://purl.org/dc/elements/1.1/" xml:lang="it">Il film, documentario paesaggistico di grande suggestione, deve alcuni tra i suoi momenti più felici alla tecnica del phantom ride che sfrutta la dinamica di riprese compiute con la macchina da presa montata su veicoli in movimento. Ogni mezzo di trasporto risponde a diverse regole di percezione del paesaggio: se l’incedere del treno ci offre la possibilità di attraversare a tutta velocità il paesaggio innevato del Gottardo attraverso cumuli di neve e gallerie, il traghetto ci offre una visuale di respiro più ampio, mentre il viaggio in funicolare propone allo spettatore uno sguardo aereo, sospeso e variabile che emancipa il film dall’ “effetto cartolina”. Il ritmo di montaggio del film è a tratti incalzante, ben modulato con la scelta di tagli particolari di inquadratura, spesso finalizzati a creare contrasti tra penombra e controluce, panorami e dettagli o colori diversi. Tra i titoli della Tiziano Film conservati al Museo Nazionale del Cinema, Dal Verbano alla Svizzera attraverso il Gottardo è quello in cui l’uso artistico delle colorazioni tocca le più alte punte espressive, sia osando accostamenti inusuali come il viraggio rosso accostato all’imbibizione gialla, sia alternando colorazioni diverse per riprese dello stesso soggetto rendendo così più variato e interessante il susseguirsi di panoramiche. Il video è un riversamento della copia conservata dal Museo Nazionale del Cinema: 35mm, positivo, triacetato, 126 metri, colore (Desmetcolor), didascalie italiane, muto.</dc:description>
    <dc:description xmlns:dc="http://purl.org/dc/elements/1.1/" xml:lang="en">The film, a greatly suggestive documentary on landscapes, owes some of its happiest moments to the phantom ride technique, which makes use of the momentum of shots taken with the camera mounted on moving vehicles. Each means of transport answers to differing rules in perceiving the scenario: if the advancing train offers us the possibility of crossing the snowbound scenery of the Gotthard at high speed through snowbanks and tunnels, the ferry-boat offers us a broader panorama, while a trip on the cable-car offers the spectator a suspended and varying aerial view, which emancipates the film from a “postcard effect”. The editing rhythm in the film is pressing at times, well modulated with a selection of particular framing cuts, often aiming at the creation of contrasts between shade and backlight, different panoramas and details or colours. Amongst the Tiziano Film titles preserved at the National Cinema Museum, From the Verbano to Switzerland through the Gotthard is the one where the artistic use of colouring touches the highest expressive peaks, both in daring unusual pairings such as a red toning flanked by yellow tinting, both in alternating different colouring for takes of the same subject, thus making the succession of scenarios more varied and interesting. The video is a copy from the film print held by the National Cinema Museum: 35mm, positive, acetate, 126 metres, colour (Desmetcolor), Italian intertitles, silent.</dc:description>
    <dc:identifier xmlns:dc="http://purl.org/dc/elements/1.1/">1037479000000304046</dc:identifier>
    <dc:language xmlns:dc="http://purl.org/dc/elements/1.1/">it</dc:language>
    <dc:subject xmlns:dc="http://purl.org/dc/elements/1.1/">EFG1914</dc:subject>
    <dc:subject xmlns:dc="http://purl.org/dc/elements/1.1/" rdf:resource="http://data.europeana.eu/concept/base/83"/>
    <dc:subject xmlns:dc="http://purl.org/dc/elements/1.1/" xml:lang="en">EFG</dc:subject>
    <dc:subject xmlns:dc="http://purl.org/dc/elements/1.1/" xml:lang="en">Museo Nazionale del Cinema</dc:subject>
    <dc:subject xmlns:dc="http://purl.org/dc/elements/1.1/" xml:lang="en">National Cinema Museum</dc:subject>
    <dc:subject xmlns:dc="http://purl.org/dc/elements/1.1/" xml:lang="en">Documentary</dc:subject>
    <dc:subject xmlns:dc="http://purl.org/dc/elements/1.1/" xml:lang="en">Switzerland</dc:subject>
    <dc:subject xmlns:dc="http://purl.org/dc/elements/1.1/" xml:lang="en">Gottardo</dc:subject>
    <dc:subject xmlns:dc="http://purl.org/dc/elements/1.1/" xml:lang="en">Train</dc:subject>
    <dc:subject xmlns:dc="http://purl.org/dc/elements/1.1/" xml:lang="en">Silent cinema</dc:subject>
    <dc:subject xmlns:dc="http://purl.org/dc/elements/1.1/" rdf:resource="http://id.loc.gov/authorities/subjects/sh85148236"/>
    <dc:title xmlns:dc="http://purl.org/dc/elements/1.1/" xml:lang="it">Dal Verbano alla Svizzera attraverso il Gottardo</dc:title>
    <dc:type xmlns:dc="http://purl.org/dc/elements/1.1/" rdf:resource="http://vocab.getty.edu/aat/300375156"/>
    <dc:type xmlns:dc="http://purl.org/dc/elements/1.1/" rdf:resource="http://vocab.getty.edu/aat/300136900"/>
    <dcterms:alternative xmlns:dcterms="http://purl.org/dc/terms/" xml:lang="en">From the Verbano to Switzerland through the Gotthard</dcterms:alternative>
    <dcterms:provenance xmlns:dcterms="http://purl.org/dc/terms/">Museo Nazionale del Cinema / National Cinema Museum, Turin</dcterms:provenance>
    <dcterms:spatial xmlns:dcterms="http://purl.org/dc/terms/" rdf:resource="https://sws.geonames.org/3175395/"/>
    <edm:type>VIDEO</edm:type>
  </edm:ProvidedCHO>
  <edm:WebResource xmlns:edm="http://www.europeana.eu/schemas/edm/" rdf:about="https://vimeo.com/85349423">
    <dcterms:extent xmlns:dcterms="http://purl.org/dc/terms/" xml:lang="en">00:06:11</dcterms:extent>
    <edm:rights rdf:resource="http://creativecommons.org/publicdomain/mark/1.0/"/>
  </edm:WebResource>
</rdf:RDF>