﻿<?xml version="1.0" encoding="utf-8"?>
<rdf:RDF xmlns:rdf="http://www.w3.org/1999/02/22-rdf-syntax-ns#" xmlns:ore="http://www.openarchives.org/ore/terms/" xmlns:xsi="http://www.w3.org/2001/XMLSchema-instance" xsi:schemaLocation="http://www.w3.org/1999/02/22-rdf-syntax-ns# EDM-EXTERNAL.xsd">
  <ore:Aggregation rdf:about="LBW_avManifestation_6849">
    <edm:aggregatedCHO xmlns:edm="http://www.europeana.eu/schemas/edm/" rdf:resource="6849"/>
    <edm:dataProvider xmlns:edm="http://www.europeana.eu/schemas/edm/">Landesfilmsammlung BW</edm:dataProvider>
    <edm:isShownAt xmlns:edm="http://www.europeana.eu/schemas/edm/" rdf:resource="https://www.filmportal.de/node/1733265/video/1733266"/>
    <edm:isShownBy xmlns:edm="http://www.europeana.eu/schemas/edm/" rdf:resource="https://vimeo.com/578120604"/>
    <edm:object xmlns:edm="http://www.europeana.eu/schemas/edm/" rdf:resource="https://www.dropbox.com/s/2f2jvpc2tf37tqu/LFS_006849_Ausflug_zum_Monte_Scherbelino.jpg?raw=1"/>
    <edm:provider xmlns:edm="http://www.europeana.eu/schemas/edm/" xml:lang="en">EFG - The European Film Gateway</edm:provider>
    <dc:rights xmlns:dc="http://purl.org/dc/elements/1.1/">Landesfilmsammlung BW</dc:rights>
    <edm:rights xmlns:edm="http://www.europeana.eu/schemas/edm/" rdf:resource="http://rightsstatements.org/vocab/InC/1.0/"/>
  </ore:Aggregation>
  <edm:ProvidedCHO xmlns:edm="http://www.europeana.eu/schemas/edm/" rdf:about="6849">
    <dc:contributor xmlns:dc="http://purl.org/dc/elements/1.1/">Lang, Walter</dc:contributor>
    <dc:creator xmlns:dc="http://purl.org/dc/elements/1.1/">Lang, Walter</dc:creator>
    <dc:description xmlns:dc="http://purl.org/dc/elements/1.1/" xml:lang="de">Stuttgart in den Nachkriegsjahren im Winter: Innenstadt mit Stiftskirche, Schlossplatz, Neues Schloss; Straßenbahn vor Königsbau, zugefrorener Feuersee mit Johanneskirche; kriegsbedingte Schäden an Häusern und Bauwerken; Schuttbeseitigung mit Bagger und Lastwagen; Paar bei Ausflug zum Birkenkopf, dem "Monte Scherbelino"; Schuttberge vom Schnee bedeckt.</dc:description>
    <dc:description xmlns:dc="http://purl.org/dc/elements/1.1/" xml:lang="de">Nachkriegs-Stuttgart im Winter. In einem ersten Teil zeigt die Kamera einen schneebedeckten Platz und durch den Krieg schwer beschädigte Häuser und Gebäude. Ein Bagger lädt Schutt auf Lastwagen. Eine Familie nimmt die Straßenbahn, um einen Ausflug aus der Stadt heraus zu machen: Sie klettern auf den "Monte Scherbelino", einen mit Trümmern aus Stuttgart aufgeschütteten Berg. Der Gipfel des Berges ist rutschig, bietet aber einen Blick auf die schneebedeckte Umgebung.</dc:description>
    <dc:description xmlns:dc="http://purl.org/dc/elements/1.1/" xml:lang="en">Postwar Stuttgart during winter. In a first part the camera shows a snow covered square and houses and buildings heavily damaged by the war. An excavator is loading rubble on trucks. A family takes the tram to go on a trip out of town: They climb on the "Monte Scherbelino", a mountain piled up with debris from Stuttgart. The top of the mountain is slippery, but provides a view of snow covered surroundings.</dc:description>
    <dc:identifier xmlns:dc="http://purl.org/dc/elements/1.1/">6849</dc:identifier>
    <dc:subject xmlns:dc="http://purl.org/dc/elements/1.1/" xml:lang="en">Victor-E project</dc:subject>
    <dc:subject xmlns:dc="http://purl.org/dc/elements/1.1/" xml:lang="de">Krieg</dc:subject>
    <dc:subject xmlns:dc="http://purl.org/dc/elements/1.1/" xml:lang="de">Zweiter Weltkrieg</dc:subject>
    <dc:subject xmlns:dc="http://purl.org/dc/elements/1.1/" xml:lang="de">Kriegsfolge</dc:subject>
    <dc:subject xmlns:dc="http://purl.org/dc/elements/1.1/" xml:lang="de">Zerstörung</dc:subject>
    <dc:subject xmlns:dc="http://purl.org/dc/elements/1.1/" xml:lang="de">Wiederaufbau</dc:subject>
    <dc:subject xmlns:dc="http://purl.org/dc/elements/1.1/" xml:lang="de">Nachkriegszeit</dc:subject>
    <dc:subject xmlns:dc="http://purl.org/dc/elements/1.1/" xml:lang="de">2. Weltkrieg</dc:subject>
    <dc:subject xmlns:dc="http://purl.org/dc/elements/1.1/" xml:lang="en">War</dc:subject>
    <dc:subject xmlns:dc="http://purl.org/dc/elements/1.1/" xml:lang="en">World War II</dc:subject>
    <dc:subject xmlns:dc="http://purl.org/dc/elements/1.1/" xml:lang="en">War aftermath</dc:subject>
    <dc:subject xmlns:dc="http://purl.org/dc/elements/1.1/" xml:lang="en">Destruction</dc:subject>
    <dc:subject xmlns:dc="http://purl.org/dc/elements/1.1/" xml:lang="en">Reconstruction</dc:subject>
    <dc:subject xmlns:dc="http://purl.org/dc/elements/1.1/" xml:lang="en">Postwar period</dc:subject>
    <dc:subject xmlns:dc="http://purl.org/dc/elements/1.1/" xml:lang="en">Second World War</dc:subject>
    <dc:subject xmlns:dc="http://purl.org/dc/elements/1.1/" xml:lang="en">war destruction</dc:subject>
    <dc:subject xmlns:dc="http://purl.org/dc/elements/1.1/" xml:lang="en">outdoor</dc:subject>
    <dc:subject xmlns:dc="http://purl.org/dc/elements/1.1/" xml:lang="en">leisure</dc:subject>
    <dc:subject xmlns:dc="http://purl.org/dc/elements/1.1/" xml:lang="en">monument</dc:subject>
    <dc:subject xmlns:dc="http://purl.org/dc/elements/1.1/" xml:lang="en">winter</dc:subject>
    <dc:subject xmlns:dc="http://purl.org/dc/elements/1.1/" xml:lang="en">family</dc:subject>
    <dc:subject xmlns:dc="http://purl.org/dc/elements/1.1/" xml:lang="en">square</dc:subject>
    <dc:subject xmlns:dc="http://purl.org/dc/elements/1.1/" xml:lang="en">street</dc:subject>
    <dc:subject xmlns:dc="http://purl.org/dc/elements/1.1/" xml:lang="en">construction vehicle</dc:subject>
    <dc:subject xmlns:dc="http://purl.org/dc/elements/1.1/" xml:lang="en">tram</dc:subject>
    <dc:subject xmlns:dc="http://purl.org/dc/elements/1.1/" xml:lang="en">truck</dc:subject>
    <dc:subject xmlns:dc="http://purl.org/dc/elements/1.1/" xml:lang="en">clearing work</dc:subject>
    <dc:subject xmlns:dc="http://purl.org/dc/elements/1.1/" xml:lang="en">forest</dc:subject>
    <dc:subject xmlns:dc="http://purl.org/dc/elements/1.1/" xml:lang="en">mountainside</dc:subject>
    <dc:subject xmlns:dc="http://purl.org/dc/elements/1.1/" xml:lang="en">historical architecture</dc:subject>
    <dc:subject xmlns:dc="http://purl.org/dc/elements/1.1/" xml:lang="en">ruins</dc:subject>
    <dc:subject xmlns:dc="http://purl.org/dc/elements/1.1/" xml:lang="de">Stuttgart</dc:subject>
    <dc:subject xmlns:dc="http://purl.org/dc/elements/1.1/" xml:lang="de">Birkenkopf</dc:subject>
    <dc:subject xmlns:dc="http://purl.org/dc/elements/1.1/" xml:lang="de">Deutschland</dc:subject>
    <dc:subject xmlns:dc="http://purl.org/dc/elements/1.1/" xml:lang="en">Germany</dc:subject>
    <dc:title xmlns:dc="http://purl.org/dc/elements/1.1/" xml:lang="de">Ausflug zum Monte Scherbelino</dc:title>
    <dc:type xmlns:dc="http://purl.org/dc/elements/1.1/" rdf:resource="http://www.wikidata.org/entity/Q455620"/>
    <dc:type xmlns:dc="http://purl.org/dc/elements/1.1/" rdf:resource="http://vocab.getty.edu/aat/300263874"/>
    <dc:type xmlns:dc="http://purl.org/dc/elements/1.1/" rdf:resource="http://vocab.getty.edu/aat/300136900"/>
    <dcterms:alternative xmlns:dcterms="http://purl.org/dc/terms/" xml:lang="en">Excursion to Monte Scherbelino</dcterms:alternative>
    <dcterms:created xmlns:dcterms="http://purl.org/dc/terms/" xml:lang="en">1952</dcterms:created>
    <dcterms:spatial xmlns:dcterms="http://purl.org/dc/terms/" xml:lang="de">Stuttgart</dcterms:spatial>
    <dcterms:spatial xmlns:dcterms="http://purl.org/dc/terms/" xml:lang="de">Birkenkopf</dcterms:spatial>
    <dcterms:spatial xmlns:dcterms="http://purl.org/dc/terms/" xml:lang="de">Deutschland</dcterms:spatial>
    <dcterms:spatial xmlns:dcterms="http://purl.org/dc/terms/" xml:lang="en">Germany</dcterms:spatial>
    <dcterms:spatial xmlns:dcterms="http://purl.org/dc/terms/" rdf:resource="https://sws.geonames.org/2921044/"/>
    <edm:type>VIDEO</edm:type>
  </edm:ProvidedCHO>
  <edm:WebResource xmlns:edm="http://www.europeana.eu/schemas/edm/" rdf:about="https://vimeo.com/578120604">
    <dc:format xmlns:dc="http://purl.org/dc/elements/1.1/" xml:lang="en">mpg4</dc:format>
    <dcterms:extent xmlns:dcterms="http://purl.org/dc/terms/" xml:lang="en">00:06:55</dcterms:extent>
    <edm:rights rdf:resource="http://rightsstatements.org/vocab/InC/1.0/"/>
  </edm:WebResource>
</rdf:RDF>