﻿<?xml version="1.0" encoding="utf-8"?>
<rdf:RDF xmlns:rdf="http://www.w3.org/1999/02/22-rdf-syntax-ns#" xmlns:ore="http://www.openarchives.org/ore/terms/" xmlns:xsi="http://www.w3.org/2001/XMLSchema-instance" xsi:schemaLocation="http://www.w3.org/1999/02/22-rdf-syntax-ns# EDM-EXTERNAL.xsd">
  <ore:Aggregation rdf:about="CRB_avManifestation_12429">
    <edm:aggregatedCHO xmlns:edm="http://www.europeana.eu/schemas/edm/" rdf:resource="12429"/>
    <edm:dataProvider xmlns:edm="http://www.europeana.eu/schemas/edm/">Cinémathèque Royale de Belgique</edm:dataProvider>
    <edm:isShownBy xmlns:edm="http://www.europeana.eu/schemas/edm/" rdf:resource="https://vimeo.com/207489442"/>
    <edm:object xmlns:edm="http://www.europeana.eu/schemas/edm/" rdf:resource="https://i.vimeocdn.com/video/622961829-63e8257e3a410267ac2799941bc94789251c04d92126cfaef187d64d20927667-d_.jpg"/>
    <edm:provider xmlns:edm="http://www.europeana.eu/schemas/edm/" xml:lang="en">EFG - The European Film Gateway</edm:provider>
    <edm:rights xmlns:edm="http://www.europeana.eu/schemas/edm/" rdf:resource="http://creativecommons.org/publicdomain/mark/1.0/"/>
  </ore:Aggregation>
  <edm:ProvidedCHO xmlns:edm="http://www.europeana.eu/schemas/edm/" rdf:about="12429">
    <dc:creator xmlns:dc="http://purl.org/dc/elements/1.1/">Roach, Hal</dc:creator>
    <dc:description xmlns:dc="http://purl.org/dc/elements/1.1/" xml:lang="en">Short comedy about Heinie and Louie, played by James Aubrey and Elmer Redmond. In Belgium they were known as Fridolin and Otto. In this film Fridolin and Otto quarrel and break up. Disillusioned, they decide each on their own to join the army and continue their personal rivalry.</dc:description>
    <dc:description xmlns:dc="http://purl.org/dc/elements/1.1/" xml:lang="nl">Komedie over vijandelijkheden en spionage tijdens de Eerste Wereldoorlog. De wegen van Fridolin (James Aubrey) en Otto (Walter Kendig) scheiden abrupt na een zoveelste onenigheid. Ontgoocheld besluiten beiden zich in te schrijven in het leger. Fridolin wordt verliefd op een secretaresse van het leger en moet op medisch onderzoek. Otto koestert de ambitie generaal te worden, maar wordt van spionage beschuldigd en loopt over naar de vijand. Fridolin daarentegen is uitgenodigd op een bal van de koning. Terwijl iedereen zich op de dansvloer begeeft, zoekt hij ruzie met andere gasten en drinkt de punchbowl leeg. Otto krijgt van zijn overste de opdracht om Fridolin, die nu bij de cavalerie is, te ontvoeren. Fridolin laat zich verleiden door een spionne van Otto en wordt zo rechtstreeks in de handen van Otto geleid. Hij wordt gevangengenomen en zal worden gefusilleerd. Maar Fridolin weet te ontsnappen. Wanneer de twee vijandelijke kampen elkaar beschieten vliegen Fridolin en Otto de kogels om de oren. Plots komt een bode aan met een brief van de koning: de oorlog is voorbij!</dc:description>
    <dc:description xmlns:dc="http://purl.org/dc/elements/1.1/" xml:lang="en">Short comedy about Heinie and Louie, played by James Aubrey and Elmer Redmond. In Belgium they were known as Fridolin and Otto. In this film Fridolin and Otto quarrel and break up. Disillusioned, they decide each on their own to join the army and continue their personal rivalry.</dc:description>
    <dc:identifier xmlns:dc="http://purl.org/dc/elements/1.1/">12429</dc:identifier>
    <dc:language xmlns:dc="http://purl.org/dc/elements/1.1/">fr</dc:language>
    <dc:language xmlns:dc="http://purl.org/dc/elements/1.1/">nl</dc:language>
    <dc:subject xmlns:dc="http://purl.org/dc/elements/1.1/" xml:lang="en">EFG1914</dc:subject>
    <dc:subject xmlns:dc="http://purl.org/dc/elements/1.1/" rdf:resource="http://data.europeana.eu/concept/base/83"/>
    <dc:subject xmlns:dc="http://purl.org/dc/elements/1.1/" rdf:resource="http://id.loc.gov/authorities/subjects/sh85037160"/>
    <dc:subject xmlns:dc="http://purl.org/dc/elements/1.1/" rdf:resource="http://id.loc.gov/authorities/subjects/sh2008113853"/>
    <dc:subject xmlns:dc="http://purl.org/dc/elements/1.1/" rdf:resource="http://id.loc.gov/authorities/subjects/sh2010119510"/>
    <dc:subject xmlns:dc="http://purl.org/dc/elements/1.1/" rdf:resource="http://id.loc.gov/authorities/subjects/sh2010118191"/>
    <dc:subject xmlns:dc="http://purl.org/dc/elements/1.1/" xml:lang="fr">Amérique du Nord</dc:subject>
    <dc:subject xmlns:dc="http://purl.org/dc/elements/1.1/" xml:lang="nl">Noord-Amerika</dc:subject>
    <dc:subject xmlns:dc="http://purl.org/dc/elements/1.1/" xml:lang="fr">Etats-Unis</dc:subject>
    <dc:subject xmlns:dc="http://purl.org/dc/elements/1.1/" xml:lang="nl">Verenigde Staten</dc:subject>
    <dc:subject xmlns:dc="http://purl.org/dc/elements/1.1/" xml:lang="fr">querelles</dc:subject>
    <dc:subject xmlns:dc="http://purl.org/dc/elements/1.1/" xml:lang="nl">ruzies</dc:subject>
    <dc:subject xmlns:dc="http://purl.org/dc/elements/1.1/" xml:lang="fr">armée</dc:subject>
    <dc:subject xmlns:dc="http://purl.org/dc/elements/1.1/" xml:lang="nl">leger</dc:subject>
    <dc:subject xmlns:dc="http://purl.org/dc/elements/1.1/" xml:lang="fr">service militaire</dc:subject>
    <dc:subject xmlns:dc="http://purl.org/dc/elements/1.1/" xml:lang="nl">legerdienst</dc:subject>
    <dc:subject xmlns:dc="http://purl.org/dc/elements/1.1/" xml:lang="fr">enrôlements</dc:subject>
    <dc:subject xmlns:dc="http://purl.org/dc/elements/1.1/" xml:lang="nl">inlijvingen</dc:subject>
    <dc:subject xmlns:dc="http://purl.org/dc/elements/1.1/" xml:lang="fr">examens médicaux</dc:subject>
    <dc:subject xmlns:dc="http://purl.org/dc/elements/1.1/" xml:lang="nl">medische examens</dc:subject>
    <dc:subject xmlns:dc="http://purl.org/dc/elements/1.1/" xml:lang="fr">combats</dc:subject>
    <dc:subject xmlns:dc="http://purl.org/dc/elements/1.1/" xml:lang="nl">gevechten</dc:subject>
    <dc:subject xmlns:dc="http://purl.org/dc/elements/1.1/" xml:lang="fr">duels</dc:subject>
    <dc:subject xmlns:dc="http://purl.org/dc/elements/1.1/" xml:lang="nl">duels</dc:subject>
    <dc:subject xmlns:dc="http://purl.org/dc/elements/1.1/" xml:lang="fr">sabres</dc:subject>
    <dc:subject xmlns:dc="http://purl.org/dc/elements/1.1/" xml:lang="nl">sabels</dc:subject>
    <dc:subject xmlns:dc="http://purl.org/dc/elements/1.1/" xml:lang="fr">espionnage</dc:subject>
    <dc:subject xmlns:dc="http://purl.org/dc/elements/1.1/" xml:lang="nl">spionage</dc:subject>
    <dc:subject xmlns:dc="http://purl.org/dc/elements/1.1/" xml:lang="fr">galas</dc:subject>
    <dc:subject xmlns:dc="http://purl.org/dc/elements/1.1/" xml:lang="nl">gala's</dc:subject>
    <dc:subject xmlns:dc="http://purl.org/dc/elements/1.1/" xml:lang="fr">boissons alcoolisées</dc:subject>
    <dc:subject xmlns:dc="http://purl.org/dc/elements/1.1/" xml:lang="nl">alcoholische dranken</dc:subject>
    <dc:subject xmlns:dc="http://purl.org/dc/elements/1.1/" xml:lang="fr">cavalerie</dc:subject>
    <dc:subject xmlns:dc="http://purl.org/dc/elements/1.1/" xml:lang="nl">cavalerie</dc:subject>
    <dc:subject xmlns:dc="http://purl.org/dc/elements/1.1/" xml:lang="fr">canons</dc:subject>
    <dc:subject xmlns:dc="http://purl.org/dc/elements/1.1/" xml:lang="nl">kanonnen</dc:subject>
    <dc:subject xmlns:dc="http://purl.org/dc/elements/1.1/" xml:lang="fr">guerres</dc:subject>
    <dc:subject xmlns:dc="http://purl.org/dc/elements/1.1/" xml:lang="nl">oorlogen</dc:subject>
    <dc:subject xmlns:dc="http://purl.org/dc/elements/1.1/" xml:lang="fr">armistices</dc:subject>
    <dc:subject xmlns:dc="http://purl.org/dc/elements/1.1/" xml:lang="nl">wapenstilstanden</dc:subject>
    <dc:subject xmlns:dc="http://purl.org/dc/elements/1.1/" xml:lang="fr">Première Guerre mondiale</dc:subject>
    <dc:subject xmlns:dc="http://purl.org/dc/elements/1.1/" xml:lang="nl">Eerste Wereldoorlog</dc:subject>
    <dc:title xmlns:dc="http://purl.org/dc/elements/1.1/" xml:lang="en">Fridolin s'en va-t-en-guerre</dc:title>
    <dc:title xmlns:dc="http://purl.org/dc/elements/1.1/" xml:lang="fr">Fridolin s'en va-t-en-guerre</dc:title>
    <dc:title xmlns:dc="http://purl.org/dc/elements/1.1/" xml:lang="nl">Fridolin s'en va-t-en-guerre</dc:title>
    <dc:type xmlns:dc="http://purl.org/dc/elements/1.1/" rdf:resource="http://vocab.getty.edu/aat/300263847"/>
    <dc:type xmlns:dc="http://purl.org/dc/elements/1.1/" rdf:resource="http://vocab.getty.edu/aat/300136900"/>
    <dcterms:created xmlns:dcterms="http://purl.org/dc/terms/" xml:lang="en">1915</dcterms:created>
    <dcterms:spatial xmlns:dcterms="http://purl.org/dc/terms/" rdf:resource="https://sws.geonames.org/6252001/"/>
    <edm:type>VIDEO</edm:type>
  </edm:ProvidedCHO>
  <edm:WebResource xmlns:edm="http://www.europeana.eu/schemas/edm/" rdf:about="https://vimeo.com/207489442">
    <edm:rights rdf:resource="http://creativecommons.org/publicdomain/mark/1.0/"/>
  </edm:WebResource>
</rdf:RDF>