﻿<?xml version="1.0" encoding="utf-8"?>
<rdf:RDF xmlns:rdf="http://www.w3.org/1999/02/22-rdf-syntax-ns#" xmlns:ore="http://www.openarchives.org/ore/terms/" xmlns:xsi="http://www.w3.org/2001/XMLSchema-instance" xsi:schemaLocation="http://www.w3.org/1999/02/22-rdf-syntax-ns# EDM-EXTERNAL.xsd">
  <ore:Aggregation rdf:about="FDC_avManifestation_1037479000000477003">
    <edm:aggregatedCHO xmlns:edm="http://www.europeana.eu/schemas/edm/" rdf:resource="1037479000000477003"/>
    <edm:dataProvider xmlns:edm="http://www.europeana.eu/schemas/edm/">Filmoteca de Catalunya</edm:dataProvider>
    <edm:isShownBy xmlns:edm="http://www.europeana.eu/schemas/edm/" rdf:resource="https://vimeo.com/163239678"/>
    <edm:object xmlns:edm="http://www.europeana.eu/schemas/edm/" rdf:resource="https://i.vimeocdn.com/video/569448574_1280x960.jpeg"/>
    <edm:provider xmlns:edm="http://www.europeana.eu/schemas/edm/" xml:lang="en">EFG - The European Film Gateway</edm:provider>
    <edm:rights xmlns:edm="http://www.europeana.eu/schemas/edm/" rdf:resource="http://creativecommons.org/publicdomain/mark/1.0/"/>
  </ore:Aggregation>
  <edm:ProvidedCHO xmlns:edm="http://www.europeana.eu/schemas/edm/" rdf:about="1037479000000477003">
    <dc:contributor xmlns:dc="http://purl.org/dc/elements/1.1/">Chomón, Segundo de</dc:contributor>
    <dc:contributor xmlns:dc="http://purl.org/dc/elements/1.1/">Chomón, Segundo de</dc:contributor>
    <dc:contributor xmlns:dc="http://purl.org/dc/elements/1.1/">Pathé Frères</dc:contributor>
    <dc:creator xmlns:dc="http://purl.org/dc/elements/1.1/">Chomón, Segundo de</dc:creator>
    <dc:description xmlns:dc="http://purl.org/dc/elements/1.1/" xml:lang="ca">El matrimoni format per Laure i Bertrand arriba a un hotel on tot està automatitzat a través de panells de control. Tot funciona fins que un empleat de l’hotel, ebri, comença a tocar un panell de control, provocant el caos dins l’hotel. Aquest film és una de les fites cabdals en el desenvolupament del cinema d’animació a partir del domini de la tècnica de l’stop-motion (o rodatge fotograma a fotograma). El film conté un gran repertori de trucatges d’animació que esdevenen el protagonista real del film, més enllà dels propis personatges que hi intervenen.</dc:description>
    <dc:description xmlns:dc="http://purl.org/dc/elements/1.1/" xml:lang="en">Married couple, Laure and Bertrand, arrive at a hotel where everything is automated through the use of control panels. Everything is working fine until an inebriated hotel employee begins to fiddle with one of the control panels, thereby causing chaos in the hotel. This film represents a fundamental step in the development of animated film with regard to the use of the stop-motion (or frame-by-frame shooting) technique. The film features an extensive range of animation tricks which become the real star of the film, more than the characters themselves.</dc:description>
    <dc:identifier xmlns:dc="http://purl.org/dc/elements/1.1/">1037479000000477003</dc:identifier>
    <dc:subject xmlns:dc="http://purl.org/dc/elements/1.1/" xml:lang="ca">electricitat</dc:subject>
    <dc:subject xmlns:dc="http://purl.org/dc/elements/1.1/" xml:lang="ca">automatismes</dc:subject>
    <dc:subject xmlns:dc="http://purl.org/dc/elements/1.1/" xml:lang="ca">taules de control</dc:subject>
    <dc:subject xmlns:dc="http://purl.org/dc/elements/1.1/" xml:lang="ca">atraccions</dc:subject>
    <dc:subject xmlns:dc="http://purl.org/dc/elements/1.1/" xml:lang="ca">fantàstic</dc:subject>
    <dc:subject xmlns:dc="http://purl.org/dc/elements/1.1/" xml:lang="ca">Cinema dels orígens</dc:subject>
    <dc:subject xmlns:dc="http://purl.org/dc/elements/1.1/" xml:lang="en">attractions</dc:subject>
    <dc:subject xmlns:dc="http://purl.org/dc/elements/1.1/" xml:lang="en">fantasy</dc:subject>
    <dc:subject xmlns:dc="http://purl.org/dc/elements/1.1/" xml:lang="en">early cinema</dc:subject>
    <dc:subject xmlns:dc="http://purl.org/dc/elements/1.1/" xml:lang="en">hotels</dc:subject>
    <dc:subject xmlns:dc="http://purl.org/dc/elements/1.1/" xml:lang="en">electricity</dc:subject>
    <dc:subject xmlns:dc="http://purl.org/dc/elements/1.1/" xml:lang="en">automation</dc:subject>
    <dc:subject xmlns:dc="http://purl.org/dc/elements/1.1/" xml:lang="en">control panels</dc:subject>
    <dc:title xmlns:dc="http://purl.org/dc/elements/1.1/" xml:lang="en">ELECTRIC HÔTEL</dc:title>
    <dc:type xmlns:dc="http://purl.org/dc/elements/1.1/" rdf:resource="http://vocab.getty.edu/aat/300263846"/>
    <dc:type xmlns:dc="http://purl.org/dc/elements/1.1/" rdf:resource="http://vocab.getty.edu/aat/300136900"/>
    <dcterms:alternative xmlns:dcterms="http://purl.org/dc/terms/" xml:lang="es">HOTEL ELÉCTRICO, EL</dcterms:alternative>
    <dcterms:created xmlns:dcterms="http://purl.org/dc/terms/" xml:lang="en">1908</dcterms:created>
    <dcterms:provenance xmlns:dcterms="http://purl.org/dc/terms/">Filmoteca de Catalunya</dcterms:provenance>
    <dcterms:spatial xmlns:dcterms="http://purl.org/dc/terms/" rdf:resource="https://sws.geonames.org/2510769/"/>
    <edm:type>VIDEO</edm:type>
  </edm:ProvidedCHO>
  <edm:WebResource xmlns:edm="http://www.europeana.eu/schemas/edm/" rdf:about="https://vimeo.com/163239678">
    <dc:format xmlns:dc="http://purl.org/dc/elements/1.1/" xml:lang="en">video/quicktime</dc:format>
    <edm:rights rdf:resource="http://creativecommons.org/publicdomain/mark/1.0/"/>
  </edm:WebResource>
</rdf:RDF>