﻿<?xml version="1.0" encoding="utf-8"?>
<rdf:RDF xmlns:rdf="http://www.w3.org/1999/02/22-rdf-syntax-ns#" xmlns:ore="http://www.openarchives.org/ore/terms/" xmlns:xsi="http://www.w3.org/2001/XMLSchema-instance" xsi:schemaLocation="http://www.w3.org/1999/02/22-rdf-syntax-ns# EDM-EXTERNAL.xsd">
  <ore:Aggregation rdf:about="DIF_avManifestation_node/1680984">
    <edm:aggregatedCHO xmlns:edm="http://www.europeana.eu/schemas/edm/" rdf:resource="node/1680984"/>
    <edm:dataProvider xmlns:edm="http://www.europeana.eu/schemas/edm/">Deutsches Filminstitut - DIF</edm:dataProvider>
    <edm:isShownAt xmlns:edm="http://www.europeana.eu/schemas/edm/" rdf:resource="https://www.filmportal.de/node/1680984"/>
    <edm:isShownBy xmlns:edm="http://www.europeana.eu/schemas/edm/" rdf:resource="https://vimeo.com/525615820"/>
    <edm:object xmlns:edm="http://www.europeana.eu/schemas/edm/" rdf:resource="https://www.filmportal.de/sites/default/files/embedded-videos-thumbs/Kabalied.jpg"/>
    <edm:provider xmlns:edm="http://www.europeana.eu/schemas/edm/" xml:lang="en">EFG - The European Film Gateway</edm:provider>
    <dc:rights xmlns:dc="http://purl.org/dc/elements/1.1/">DFF – Deutsches Filminstitut & Filmmuseum</dc:rights>
    <edm:rights xmlns:edm="http://www.europeana.eu/schemas/edm/" rdf:resource="http://creativecommons.org/licenses/by-sa/4.0/"/>
  </ore:Aggregation>
  <edm:ProvidedCHO xmlns:edm="http://www.europeana.eu/schemas/edm/" rdf:about="node/1680984">
    <dc:contributor xmlns:dc="http://purl.org/dc/elements/1.1/">Kaskeline Film (Berlin)</dc:contributor>
    <dc:description xmlns:dc="http://purl.org/dc/elements/1.1/" xml:lang="de">Ob beim Fußball, im Campingurlaub oder beim Tanztee - Kaba ist das Getränk für jede Gelegenheit und jedes Alter. Südsee-Klänge lassen träumen von Palmenstränden und Fernreisen. Am Ende des farbigen Spots öffnet sich eine Mauer aus Kaba-Verpackungen und ein Herr im Anzug erklärt die Vorzüge des kakaohaltigen Getränks.</dc:description>
    <dc:description xmlns:dc="http://purl.org/dc/elements/1.1/" xml:lang="en">Whether at soccer matches, on a camping vacation, or at a tea dance - Kaba is the drink for every occasion and every age. The music make you dream of palm tree beaches and long-distance travel. At the end of the colorful spot, a wall of Kaba packaging opens and a gentleman in a suit explains the benefits of the cocoa-based drink.</dc:description>
    <dc:identifier xmlns:dc="http://purl.org/dc/elements/1.1/">node/1680984</dc:identifier>
    <dc:language xmlns:dc="http://purl.org/dc/elements/1.1/">de</dc:language>
    <dc:subject xmlns:dc="http://purl.org/dc/elements/1.1/" xml:lang="de">Tanz</dc:subject>
    <dc:subject xmlns:dc="http://purl.org/dc/elements/1.1/" xml:lang="de">Sport</dc:subject>
    <dc:subject xmlns:dc="http://purl.org/dc/elements/1.1/" xml:lang="de">Familie</dc:subject>
    <dc:subject xmlns:dc="http://purl.org/dc/elements/1.1/" xml:lang="de">Getränk</dc:subject>
    <dc:subject xmlns:dc="http://purl.org/dc/elements/1.1/" xml:lang="de">Arbeitstätigkeit</dc:subject>
    <dc:subject xmlns:dc="http://purl.org/dc/elements/1.1/" xml:lang="de">Werbung</dc:subject>
    <dc:subject xmlns:dc="http://purl.org/dc/elements/1.1/" xml:lang="de">Feier</dc:subject>
    <dc:subject xmlns:dc="http://purl.org/dc/elements/1.1/" rdf:resource="http://id.loc.gov/authorities/subjects/sh85035659"/>
    <dc:subject xmlns:dc="http://purl.org/dc/elements/1.1/" rdf:resource="http://id.loc.gov/authorities/subjects/sh85126887"/>
    <dc:subject xmlns:dc="http://purl.org/dc/elements/1.1/" rdf:resource="http://id.loc.gov/authorities/subjects/sh85047009"/>
    <dc:subject xmlns:dc="http://purl.org/dc/elements/1.1/" rdf:resource="http://id.loc.gov/authorities/subjects/sh85013504"/>
    <dc:subject xmlns:dc="http://purl.org/dc/elements/1.1/" rdf:resource="http://id.loc.gov/authorities/subjects/sh85148133"/>
    <dc:subject xmlns:dc="http://purl.org/dc/elements/1.1/" rdf:resource="http://id.loc.gov/authorities/subjects/sh85001086"/>
    <dc:subject xmlns:dc="http://purl.org/dc/elements/1.1/" rdf:resource="http://id.loc.gov/authorities/subjects/sh2001000033"/>
    <dc:title xmlns:dc="http://purl.org/dc/elements/1.1/" xml:lang="de">Kaba-Lied (1953)</dc:title>
    <dc:type xmlns:dc="http://purl.org/dc/elements/1.1/" rdf:resource="http://vocab.getty.edu/aat/300213187"/>
    <dc:type xmlns:dc="http://purl.org/dc/elements/1.1/" rdf:resource="http://www.wikidata.org/entity/Q1869909"/>
    <dc:type xmlns:dc="http://purl.org/dc/elements/1.1/" rdf:resource="http://vocab.getty.edu/aat/300136900"/>
    <dcterms:created xmlns:dcterms="http://purl.org/dc/terms/" xml:lang="en">1953</dcterms:created>
    <dcterms:provenance xmlns:dcterms="http://purl.org/dc/terms/">Deutsches Filminstitut – DIF</dcterms:provenance>
    <dcterms:spatial xmlns:dcterms="http://purl.org/dc/terms/" rdf:resource="https://sws.geonames.org/2921044/"/>
    <edm:type>VIDEO</edm:type>
    <dcterms:isPartOf xmlns:dcterms="http://purl.org/dc/terms/" xml:lang="en">Europeana XX: Century of Change</dcterms:isPartOf>
  </edm:ProvidedCHO>
  <edm:WebResource xmlns:edm="http://www.europeana.eu/schemas/edm/" rdf:about="https://vimeo.com/525615820">
    <dc:format xmlns:dc="http://purl.org/dc/elements/1.1/" xml:lang="en">video/mpg4</dc:format>
    <dcterms:extent xmlns:dcterms="http://purl.org/dc/terms/" xml:lang="en">00:02:08</dcterms:extent>
    <edm:rights rdf:resource="http://creativecommons.org/licenses/by-sa/4.0/"/>
  </edm:WebResource>
</rdf:RDF>