﻿<?xml version="1.0" encoding="utf-8"?>
<rdf:RDF xmlns:wgs84_pos="http://www.w3.org/2003/01/geo/wgs84_pos#" xmlns:oai_dc="http://www.openarchives.org/OAI/2.0/oai_dc/" xmlns:dc="http://purl.org/dc/elements/1.1/" xmlns:dcterms="http://purl.org/dc/terms/" xmlns:dct="http://purl.org/dc/terms/" xmlns:edm="http://www.europeana.eu/schemas/edm/" xmlns:foaf="http://xmlns.com/foaf/0.1/" xmlns:owl="http://www.w3.org/2002/07/owl#" xmlns:rdf="http://www.w3.org/1999/02/22-rdf-syntax-ns#" xmlns:rdfs="http://www.w3.org/2000/01/rdf-schema#" xmlns:skos="http://www.w3.org/2004/02/skos/core#" xmlns:ore="http://www.openarchives.org/ore/terms/" xmlns:svcs="http://rdfs.org/sioc/services#" xmlns:doap="http://usefulinc.com/ns/doap#" xmlns:rdaGr2="http://rdvocab.info/ElementsGr2/">
  <edm:ProvidedCHO rdf:about="MNHN/IC/1987-0140">
    <dc:identifier>http://coldb.mnhn.fr/catalognumber/mnhn/ic/1987-0140</dc:identifier>
    <dc:identifier>1987-0140</dc:identifier>
    <dc:title>Pseudorhombus neglectus Bleeker, 1865</dc:title>
    <dc:subject rdf:resource="http://openup.nhm-wien.ac.at/commonNames/74767"/>
    <dc:subject rdf:resource="http://openup.nhm-wien.ac.at/commonNames/293497"/>
    <dc:subject rdf:resource="http://openup.nhm-wien.ac.at/commonNames/293569"/>
    <dc:subject rdf:resource="http://openup.nhm-wien.ac.at/commonNames/548386"/>
    <dc:subject>http://openup.nhm-wien.ac.at/commonNames/references/scientificName/99792</dc:subject>
    <dc:relation>http://www.biodiversitylibrary.org/name/Pseudorhombus+neglectus+Bleeker%2C+1865</dc:relation>
    <dc:type>Preserved Specimen</dc:type>
    <dc:date>1926-10-7</dc:date>
    <dc:contributor>n.o.lanessan (collector)</dc:contributor>
    <dc:contributor>m.paris mnhn-pom (collector)</dc:contributor>
    <dcterms:spatial rdf:resource="geo:10.35,107.067"/>
    <edm:type>IMAGE</edm:type>
  </edm:ProvidedCHO>
  <skos:Concept rdf:about="http://openup.nhm-wien.ac.at/commonNames/74767">
    <skos:prefLabel xml:lang="en">Flounder</skos:prefLabel>
    <skos:note>common name</skos:note>
    <skos:note>Language: English</skos:note>
    <skos:note>Reference(s): Bisby F., Roskov Y., Culham A., Orrell T., Nicolson D., Paglinawan L., Bailly N., Kirk P., Bourgoin T., Baillargeon G., Hernandez F., De Wever A., Kunze T., eds (2013). Species 2000 &amp; ITIS Catalogue of Life, 8th February 2013. Digital resource at www.catalogueoflife.org/col/. Species 2000: Reading, UK.;FishBase;Department of Fisheries Malaysia 2009 Valid local name of Malaysian marine fishes. Department of Fisheries Malaysia. Ministry of Agriculture and Agro-based Industry. 180 p.</skos:note>
    <skos:editorialNote>http://openup.nhm-wien.ac.at/commonNames/references/scientificName/99792</skos:editorialNote>
  </skos:Concept>
  <skos:Concept rdf:about="http://openup.nhm-wien.ac.at/commonNames/293497">
    <skos:prefLabel xml:lang="en">Largetooth flounder</skos:prefLabel>
    <skos:note>common name</skos:note>
    <skos:note>Language: English</skos:note>
    <skos:note>Reference(s): Bisby F., Roskov Y., Culham A., Orrell T., Nicolson D., Paglinawan L., Bailly N., Kirk P., Bourgoin T., Baillargeon G., Hernandez F., De Wever A., Kunze T., eds (2013). Species 2000 &amp; ITIS Catalogue of Life, 8th February 2013. Digital resource at www.catalogueoflife.org/col/. Species 2000: Reading, UK.;FishBase;Department of Fisheries Malaysia 2009 Valid local name of Malaysian marine fishes. Department of Fisheries Malaysia. Ministry of Agriculture and Agro-based Industry. 180 p.</skos:note>
    <skos:editorialNote>http://openup.nhm-wien.ac.at/commonNames/references/scientificName/99792</skos:editorialNote>
  </skos:Concept>
  <skos:Concept rdf:about="http://openup.nhm-wien.ac.at/commonNames/293569">
    <skos:prefLabel xml:lang="ja">Niten Ganzobirame</skos:prefLabel>
    <skos:note>common name</skos:note>
    <skos:note>Language: Japanese</skos:note>
    <skos:note>Reference(s): Bisby F., Roskov Y., Culham A., Orrell T., Nicolson D., Paglinawan L., Bailly N., Kirk P., Bourgoin T., Baillargeon G., Hernandez F., De Wever A., Kunze T., eds (2013). Species 2000 &amp; ITIS Catalogue of Life, 8th February 2013. Digital resource at www.catalogueoflife.org/col/. Species 2000: Reading, UK.;FishBase;Kyushin, K., K. Amaoka, K. Nakaya, H. Ida, Y. Tanino and T. Senta 1982 Fishes of the South China Sea. Japan Marine Fishery Resource Research Center, Nori Otsuru, Tokyo, Japan. 333 p.</skos:note>
    <skos:editorialNote>http://openup.nhm-wien.ac.at/commonNames/references/scientificName/99792</skos:editorialNote>
  </skos:Concept>
  <skos:Concept rdf:about="http://openup.nhm-wien.ac.at/commonNames/548386">
    <skos:prefLabel xml:lang="vi">Cá Bơn chấm to</skos:prefLabel>
    <skos:note>common name</skos:note>
    <skos:note>Language: Vietnamese</skos:note>
    <skos:note>Reference(s): Bisby F., Roskov Y., Culham A., Orrell T., Nicolson D., Paglinawan L., Bailly N., Kirk P., Bourgoin T., Baillargeon G., Hernandez F., De Wever A., Kunze T., eds (2013). Species 2000 &amp; ITIS Catalogue of Life, 8th February 2013. Digital resource at www.catalogueoflife.org/col/. Species 2000: Reading, UK.;FishBase;Nghia, N.V. 2005 Fishes of Viet Nam. Unpublished compilation of Nguyen Viet Nghia.</skos:note>
    <skos:editorialNote>http://openup.nhm-wien.ac.at/commonNames/references/scientificName/99792</skos:editorialNote>
  </skos:Concept>
  <edm:Place rdf:about="geo:10.35,107.067">
    <wgs84_pos:lat>10.35</wgs84_pos:lat>
    <wgs84_pos:long>107.067</wgs84_pos:long>
    <skos:prefLabel>vung-tau</skos:prefLabel>
    <skos:note>; Viet Nam</skos:note>
  </edm:Place>
  <edm:WebResource rdf:about="http://mediaphoto.mnhn.fr/media/1406029567783usZNA0ppmbtbwqgo">
    <dcterms:created>2014-07-22 13:46:09.0</dcterms:created>
    <dc:format>image/jpeg</dc:format>
    <dc:rights>https://creativecommons.org/licenses/by-nc-nd/3.0/</dc:rights>
    <dc:rights>Muséum national d'Histoire naturelle</dc:rights>
    <edm:rights rdf:resource="http://creativecommons.org/licenses/by-nc-nd/3.0/"/>
  </edm:WebResource>
  <edm:WebResource rdf:about="http://mediaphoto.mnhn.fr/media/1537876971319KOr8Djcm8SUelYkl">
    <dcterms:created>2018-09-25 14:02:51.0</dcterms:created>
    <dc:format>image/jpeg</dc:format>
    <dc:rights>https://creativecommons.org/licenses/by/3.0/</dc:rights>
    <dc:rights>Muséum national d'Histoire naturelle</dc:rights>
    <edm:rights rdf:resource="http://creativecommons.org/licenses/by/3.0/"/>
  </edm:WebResource>
  <edm:WebResource rdf:about="http://mediaphoto.mnhn.fr/media/14060295640160WiFBsJHUYw5OyCt">
    <dcterms:created>2014-07-22 13:46:05.0</dcterms:created>
    <dc:format>image/jpeg</dc:format>
    <dc:rights>https://creativecommons.org/licenses/by-nc-nd/3.0/</dc:rights>
    <dc:rights>Muséum national d'Histoire naturelle</dc:rights>
    <edm:rights rdf:resource="http://creativecommons.org/licenses/by-nc-nd/3.0/"/>
  </edm:WebResource>
  <edm:WebResource rdf:about="http://mediaphoto.mnhn.fr/media/1537876971588XaLD0AKXCvRQaTOA">
    <dcterms:created>2018-09-25 14:02:51.0</dcterms:created>
    <dc:format>image/jpeg</dc:format>
    <dc:rights>https://creativecommons.org/licenses/by/3.0/</dc:rights>
    <dc:rights>Muséum national d'Histoire naturelle</dc:rights>
    <edm:rights rdf:resource="http://creativecommons.org/licenses/by/3.0/"/>
  </edm:WebResource>
  <edm:WebResource rdf:about="http://mediaphoto.mnhn.fr/media/1537876971816339nTkc3WRUWFY4T">
    <dcterms:created>2018-09-25 14:02:51.0</dcterms:created>
    <dc:format>image/jpeg</dc:format>
    <dc:rights>https://creativecommons.org/licenses/by/3.0/</dc:rights>
    <dc:rights>Muséum national d'Histoire naturelle</dc:rights>
    <edm:rights rdf:resource="http://creativecommons.org/licenses/by/3.0/"/>
  </edm:WebResource>
  <edm:WebResource rdf:about="http://mediaphoto.mnhn.fr/media/15378769720727HUzUmQnIKUFp5f1">
    <dcterms:created>2018-09-25 14:02:52.0</dcterms:created>
    <dc:format>image/jpeg</dc:format>
    <dc:rights>https://creativecommons.org/licenses/by/3.0/</dc:rights>
    <dc:rights>Muséum national d'Histoire naturelle</dc:rights>
    <edm:rights rdf:resource="http://creativecommons.org/licenses/by/3.0/"/>
  </edm:WebResource>
  <edm:WebResource rdf:about="http://mediaphoto.mnhn.fr/media/1537876972289gA9jVp3x8AQshz9G">
    <dcterms:created>2018-09-25 14:02:52.0</dcterms:created>
    <dc:format>image/jpeg</dc:format>
    <dc:rights>https://creativecommons.org/licenses/by/3.0/</dc:rights>
    <dc:rights>Muséum national d'Histoire naturelle</dc:rights>
    <edm:rights rdf:resource="http://creativecommons.org/licenses/by/3.0/"/>
  </edm:WebResource>
  <edm:WebResource rdf:about="http://mediaphoto.mnhn.fr/media/1537876972523CDeuXXYY8lMdZYUN">
    <dcterms:created>2018-09-25 14:02:52.0</dcterms:created>
    <dc:format>image/jpeg</dc:format>
    <dc:rights>https://creativecommons.org/licenses/by/3.0/</dc:rights>
    <dc:rights>Muséum national d'Histoire naturelle</dc:rights>
    <edm:rights rdf:resource="http://creativecommons.org/licenses/by/3.0/"/>
  </edm:WebResource>
  <edm:WebResource rdf:about="http://mediaphoto.mnhn.fr/media/14060295747233rzzzwsrHe9kCISH">
    <dcterms:created>2014-07-22 13:46:15.0</dcterms:created>
    <dc:format>image/jpeg</dc:format>
    <dc:rights>https://creativecommons.org/licenses/by-nc-nd/3.0/</dc:rights>
    <dc:rights>Muséum national d'Histoire naturelle</dc:rights>
    <edm:rights rdf:resource="http://creativecommons.org/licenses/by-nc-nd/3.0/"/>
  </edm:WebResource>
  <edm:WebResource rdf:about="http://mediaphoto.mnhn.fr/media/1406029572820jL8vfXZNfJXILfVs">
    <dcterms:created>2014-07-22 13:46:14.0</dcterms:created>
    <dc:format>image/jpeg</dc:format>
    <dc:rights>https://creativecommons.org/licenses/by-nc-nd/3.0/</dc:rights>
    <dc:rights>Muséum national d'Histoire naturelle</dc:rights>
    <edm:rights rdf:resource="http://creativecommons.org/licenses/by-nc-nd/3.0/"/>
  </edm:WebResource>
  <edm:WebResource rdf:about="http://mediaphoto.mnhn.fr/media/1406029571630nosJ7PlMbJwHStcB">
    <dcterms:created>2014-07-22 13:46:12.0</dcterms:created>
    <dc:format>image/jpeg</dc:format>
    <dc:rights>https://creativecommons.org/licenses/by-nc-nd/3.0/</dc:rights>
    <dc:rights>Muséum national d'Histoire naturelle</dc:rights>
    <edm:rights rdf:resource="http://creativecommons.org/licenses/by-nc-nd/3.0/"></edm:rights>
  </edm:WebResource>
  <edm:WebResource rdf:about="http://mediaphoto.mnhn.fr/media/14060295703900XHiqUWO6av8AC9C">
    <dcterms:created>2014-07-22 13:46:11.0</dcterms:created>
    <dc:format>image/jpeg</dc:format>
    <dc:rights>https://creativecommons.org/licenses/by-nc-nd/3.0/</dc:rights>
    <dc:rights>Muséum national d'Histoire naturelle</dc:rights>
    <edm:rights rdf:resource="http://creativecommons.org/licenses/by-nc-nd/3.0/"/>
  </edm:WebResource>
  <edm:WebResource rdf:about="http://mediaphoto.mnhn.fr/media/1406029569281hZcwrfHbPZAwY54c">
    <dcterms:created>2014-07-22 13:46:10.0</dcterms:created>
    <dc:format>image/jpeg</dc:format>
    <dc:rights>https://creativecommons.org/licenses/by-nc-nd/3.0/</dc:rights>
    <dc:rights>Muséum national d'Histoire naturelle</dc:rights>
    <edm:rights rdf:resource="http://creativecommons.org/licenses/by-nc-nd/3.0/"/>
  </edm:WebResource>
  <edm:WebResource rdf:about="http://mediaphoto.mnhn.fr/media/1406029566275PnU1APftgU1EzU3W">
    <dcterms:created>2014-07-22 13:46:07.0</dcterms:created>
    <dc:format>image/jpeg</dc:format>
    <dc:rights>https://creativecommons.org/licenses/by-nc-nd/3.0/</dc:rights>
    <dc:rights>Muséum national d'Histoire naturelle</dc:rights>
    <edm:rights rdf:resource="http://creativecommons.org/licenses/by-nc-nd/3.0/"/>
  </edm:WebResource>
  <edm:WebResource rdf:about="http://mediaphoto.mnhn.fr/media/1406029565209U2hkJ1lBRzuQN3VD">
    <dcterms:created>2014-07-22 13:46:06.0</dcterms:created>
    <dc:format>image/jpeg</dc:format>
    <dc:rights>https://creativecommons.org/licenses/by-nc-nd/3.0/</dc:rights>
    <dc:rights>Muséum national d'Histoire naturelle</dc:rights>
    <edm:rights rdf:resource="http://creativecommons.org/licenses/by-nc-nd/3.0/"/>
  </edm:WebResource>
  <ore:Aggregation rdf:about="http%3A%2F%2Fweb-openup.nhm.ac.uk%2Foai-provider%2Findex.php%3Fform%3Ddisplay%26oaiid%3Dhttp%253A%252F%252Fcoldb.mnhn.fr%252Fcatalognumber%252Fmnhn%252Fic%252F1987-0140%26db%3D0">
    <edm:aggregatedCHO rdf:resource="http://coldb.mnhn.fr/catalognumber/mnhn/ic/1987-0140"></edm:aggregatedCHO>
    <edm:dataProvider>Muséum national d'Histoire naturelle</edm:dataProvider>
    <edm:rights rdf:resource="http://creativecommons.org/licenses/by-nc-nd/3.0/"/>
    <edm:isShownBy rdf:resource="http://mediaphoto.mnhn.fr/media/1406029567783usZNA0ppmbtbwqgo"/>
    <edm:hasView rdf:resource="http://mediaphoto.mnhn.fr/media/1537876971319KOr8Djcm8SUelYkl"/>
    <edm:hasView rdf:resource="http://mediaphoto.mnhn.fr/media/14060295640160WiFBsJHUYw5OyCt"/>
    <edm:hasView rdf:resource="http://mediaphoto.mnhn.fr/media/1537876971588XaLD0AKXCvRQaTOA"/>
    <edm:hasView rdf:resource="http://mediaphoto.mnhn.fr/media/1537876971816339nTkc3WRUWFY4T"/>
    <edm:hasView rdf:resource="http://mediaphoto.mnhn.fr/media/15378769720727HUzUmQnIKUFp5f1"/>
    <edm:hasView rdf:resource="http://mediaphoto.mnhn.fr/media/1537876972289gA9jVp3x8AQshz9G"/>
    <edm:hasView rdf:resource="http://mediaphoto.mnhn.fr/media/1537876972523CDeuXXYY8lMdZYUN"/>
    <edm:hasView rdf:resource="http://mediaphoto.mnhn.fr/media/14060295747233rzzzwsrHe9kCISH"/>
    <edm:hasView rdf:resource="http://mediaphoto.mnhn.fr/media/1406029572820jL8vfXZNfJXILfVs"/>
    <edm:hasView rdf:resource="http://mediaphoto.mnhn.fr/media/1406029571630nosJ7PlMbJwHStcB"/>
    <edm:hasView rdf:resource="http://mediaphoto.mnhn.fr/media/14060295703900XHiqUWO6av8AC9C"/>
    <edm:hasView rdf:resource="http://mediaphoto.mnhn.fr/media/1406029569281hZcwrfHbPZAwY54c"/>
    <edm:hasView rdf:resource="http://mediaphoto.mnhn.fr/media/1406029566275PnU1APftgU1EzU3W"/>
    <edm:object rdf:resource="http://mediaphoto.mnhn.fr/media/1406029565209U2hkJ1lBRzuQN3VD"/>
    <edm:provider>OpenUp!</edm:provider>
  </ore:Aggregation>
</rdf:RDF>