﻿<?xml version="1.0" encoding="utf-8"?>
<rdf:RDF xmlns:wgs84_pos="http://www.w3.org/2003/01/geo/wgs84_pos#" xmlns:oai_dc="http://www.openarchives.org/OAI/2.0/oai_dc/" xmlns:dc="http://purl.org/dc/elements/1.1/" xmlns:dcterms="http://purl.org/dc/terms/" xmlns:dct="http://purl.org/dc/terms/" xmlns:edm="http://www.europeana.eu/schemas/edm/" xmlns:foaf="http://xmlns.com/foaf/0.1/" xmlns:owl="http://www.w3.org/2002/07/owl#" xmlns:rdf="http://www.w3.org/1999/02/22-rdf-syntax-ns#" xmlns:rdfs="http://www.w3.org/2000/01/rdf-schema#" xmlns:skos="http://www.w3.org/2004/02/skos/core#" xmlns:ore="http://www.openarchives.org/ore/terms/" xmlns:svcs="http://rdfs.org/sioc/services#" xmlns:doap="http://usefulinc.com/ns/doap#" xmlns:rdaGr2="http://rdvocab.info/ElementsGr2/">
    <edm:ProvidedCHO rdf:about="HERBARXBGBMXGERMANYXBX10X0240711">
      <dc:identifier>B - Herbarium Berolinense - B 10 0240711</dc:identifier>
      <dc:title xml:lang="la">Silene armena Boiss.</dc:title>
      <dc:contributor>P.Hein (B) 2019 (identifier)</dc:contributor>
      <dc:description>herbarium sheet</dc:description>
      <dc:date>1860-06-06 (gathering)</dc:date>
      <dc:date>2019 (identification)</dc:date>
      <dc:relation>http://www.biodiversitylibrary.org/name/Silene_armena_Boiss%24</dc:relation>
      <dc:source>Herbarium Berolinense, Berlin (B)</dc:source>
      <dc:subject rdf:resource="http://openup.nhm-wien.ac.at/commonNames/472545"></dc:subject>
      <dc:subject>http://openup.nhm-wien.ac.at/commonNames/references/scientificName/140931</dc:subject>
      <dc:type xml:lang="en">Preserved Specimen</dc:type>
      <dcterms:spatial rdf:resource="geo:36.72528,29.91806"></dcterms:spatial>
      <edm:currentLocation>Königin-Luise-Str. 6-8, 14195 Berlin, Germany</edm:currentLocation>
      <edm:hasMet rdf:resource="http://viaf.org/viaf/316739984"></edm:hasMet>
      <edm:hasMet rdf:resource="https://sws.geonames.org/298795/"></edm:hasMet>
      <edm:hasMet rdf:resource="geo:36.72528,29.91806"></edm:hasMet>
      <edm:hasType rdf:resource="http://rs.tdwg.org/dwc/terms/PreservedSpecimen"></edm:hasType>
      <edm:type>IMAGE</edm:type>
    </edm:ProvidedCHO>
    <edm:WebResource rdf:about="https://image.bgbm.org/images/internal/HerbarThumbs/B100240711_1700">
      <dc:format xml:lang="en">image/jpeg</dc:format>
      <dc:rights>Partial images provided by this server are released under the Creative Commons cc-by-sa 3.0 (generic) licence [https://creativecommons.org/licenses/by-sa/3.0/de/]. Please credit images to BGBM following our citation guidelines [https://ww2.bgbm.org/Herbarium/cite.cfm]. If you would like to use images in a format or resolution which is not provided here, please contact us (d.roepert[at]bgbm.org).</dc:rights>
      <dcterms:isReferencedBy rdf:resource="https://herbarium.bgbm.org/data/iiif/B100240711/manifest.json"></dcterms:isReferencedBy>
      <edm:rights rdf:resource="http://creativecommons.org/licenses/by-sa/3.0/"></edm:rights>
      <svcs:has_service rdf:resource="https://herbarium.bgbm.org/data/iiif/B100240711"></svcs:has_service>
    </edm:WebResource>
    <svcs:Service rdf:about="https://herbarium.bgbm.org/data/iiif/B100240711">
      <dcterms:conformsTo rdf:resource="http://iiif.io/api/image"></dcterms:conformsTo>
    </svcs:Service>
    <edm:WebResource rdf:about="https://image.bgbm.org/images/internal/HerbarThumbs/B100240711__1_1700">
      <dc:format xml:lang="en">image/jpeg</dc:format>
      <dc:rights>Partial images provided by this server are released under the Creative Commons cc-by-sa 3.0 (generic) licence [https://creativecommons.org/licenses/by-sa/3.0/de/]. Please credit images to BGBM following our citation guidelines [https://ww2.bgbm.org/Herbarium/cite.cfm]. If you would like to use images in a format or resolution which is not provided here, please contact us (d.roepert[at]bgbm.org).</dc:rights>
      <dcterms:isReferencedBy rdf:resource="https://herbarium.bgbm.org/data/iiif/B100240711/manifest.json"></dcterms:isReferencedBy>
      <edm:rights rdf:resource="http://creativecommons.org/licenses/by-sa/3.0/"></edm:rights>
      <svcs:has_service rdf:resource="https://herbarium.bgbm.org/data/iiif/B100240711"></svcs:has_service>
    </edm:WebResource>
    <svcs:Service rdf:about="https://herbarium.bgbm.org/data/iiif/B100240711">
      <dcterms:conformsTo rdf:resource="http://iiif.io/api/image"></dcterms:conformsTo>
    </svcs:Service>
    <edm:WebResource rdf:about="https://herbarium.bgbm.org/object/B100240711">
      <dc:format>text/html</dc:format>
      <dc:rights>Partial images provided by this server are released under the Creative Commons cc-by-sa 3.0 (generic) licence [https://creativecommons.org/licenses/by-sa/3.0/de/]. Please credit images to BGBM following our citation guidelines [https://ww2.bgbm.org/Herbarium/cite.cfm]. If you would like to use images in a format or resolution which is not provided here, please contact us (d.roepert[at]bgbm.org).</dc:rights>
      <edm:rights rdf:resource="http://creativecommons.org/licenses/by-sa/3.0/"></edm:rights>
    </edm:WebResource>
    <edm:Agent rdf:about="http://viaf.org/viaf/316739984">
      <skos:prefLabel xml:lang="en">Eugène Bourgeau</skos:prefLabel>
      <rdaGr2:dateOfBirth>1813</rdaGr2:dateOfBirth>
      <rdaGr2:dateOfDeath>1877</rdaGr2:dateOfDeath>
      <owl:sameAs rdf:resource="http://purl.oclc.org/net/edu.harvard.huh/guid/uuid/1bc70b70-16d5-464d-b8ad-c13fea044e6e"/>
      <owl:sameAs rdf:resource="http://www.wikidata.org/entity/Q1276362"/>
    </edm:Agent>
    <edm:Place rdf:about="https://sws.geonames.org/298795/">
      <wgs84_pos:lat>39</wgs84_pos:lat>
      <wgs84_pos:long>35</wgs84_pos:long>
      <skos:prefLabel xml:lang="en">Turkey</skos:prefLabel>
      <skos:note>Asia</skos:note>
    </edm:Place>
    <edm:Place rdf:about="geo:36.72528,29.91806">
      <wgs84_pos:lat>36.72528</wgs84_pos:lat>
      <wgs84_pos:long>29.91806</wgs84_pos:long>
      <skos:prefLabel>Turkey: Elmalu, in lacunosis. [= Elmalı]. . 1860-06-06, Leg.: Bourgeau,E. 56.</skos:prefLabel>
      <dcterms:isPartOf rdf:resource="https://sws.geonames.org/298795/"></dcterms:isPartOf>
      <skos:note>Asia</skos:note>
    </edm:Place>
    <skos:Concept rdf:about="http://openup.nhm-wien.ac.at/commonNames/472545">
      <skos:prefLabel xml:lang="ru">Смолёвка армянская</skos:prefLabel>
      <skos:note>common name</skos:note>
      <skos:note>Language: rus</skos:note>
      <skos:note>Reference(s): Plantarium - Russia</skos:note>
      <skos:editorialNote>http://openup.nhm-wien.ac.at/commonNames/references/scientificName/140931</skos:editorialNote>
    </skos:Concept>
  <ore:Aggregation rdf:about="http%3A%2F%2Fweb-openup.nhm.ac.uk%2Foai-provider%2Findex.php%3Fform%3Ddisplay%26oaiid%3DHERBAR%253ABGBM%253AGERMANY%252FB%252010%25200240711%26db%3D0">
      <edm:aggregatedCHO rdf:resource="HERBARXBGBMXGERMANYXBX10X0240711"></edm:aggregatedCHO>
      <edm:dataProvider>Botanic Garden and Botanical Museum Berlin</edm:dataProvider>
      <edm:hasView rdf:resource="https://image.bgbm.org/images/internal/HerbarThumbs/B100240711__1_1700"/>
      <edm:isShownAt rdf:resource="https://herbarium.bgbm.org/object/B100240711"/>
      <edm:isShownBy rdf:resource="https://image.bgbm.org/images/internal/HerbarThumbs/B100240711_1700"/>
      <edm:object rdf:resource="https://image.bgbm.org/images/internal/HerbarThumbs/B100240711_1700"/>
      <edm:provider>OpenUp!</edm:provider>
      <edm:rights rdf:resource="http://creativecommons.org/licenses/by-sa/3.0/"></edm:rights>
    </ore:Aggregation>
</rdf:RDF>