﻿<?xml version="1.0" encoding="utf-8"?>
<rdf:RDF xmlns:wgs84_pos="http://www.w3.org/2003/01/geo/wgs84_pos#" xmlns:oai_dc="http://www.openarchives.org/OAI/2.0/oai_dc/" xmlns:dc="http://purl.org/dc/elements/1.1/" xmlns:dcterms="http://purl.org/dc/terms/" xmlns:dct="http://purl.org/dc/terms/" xmlns:edm="http://www.europeana.eu/schemas/edm/" xmlns:foaf="http://xmlns.com/foaf/0.1/" xmlns:owl="http://www.w3.org/2002/07/owl#" xmlns:rdf="http://www.w3.org/1999/02/22-rdf-syntax-ns#" xmlns:rdfs="http://www.w3.org/2000/01/rdf-schema#" xmlns:skos="http://www.w3.org/2004/02/skos/core#" xmlns:ore="http://www.openarchives.org/ore/terms/" xmlns:svcs="http://rdfs.org/sioc/services#" xmlns:doap="http://usefulinc.com/ns/doap#" xmlns:rdaGr2="http://rdvocab.info/ElementsGr2/">
  <edm:ProvidedCHO rdf:about="TIERSTIMMENARCHIVXMFNXGERMANYXTSAXLUSCINIAXSVECICAXDIGX112X13X1">
    <dc:identifier>MfN - TSA - TSA:Luscinia_svecica_DIG_112_13_1</dc:identifier>
    <dc:title xml:lang="la">Luscinia svecica (Linnaeus, 1758)</dc:title>
    <dc:contributor>Frommolt, Karl-Heinz (collector)</dc:contributor>
    <dc:description>adult</dc:description>
    <dc:description>song</dc:description>
    <dc:description>male</dc:description>
    <dc:date>2010-04-13 20:04 (gathering)</dc:date>
    <dc:relation>http://www.biodiversitylibrary.org/name/Luscinia_svecica_(Linnaeus%2C_1758)</dc:relation>
    <dc:source>Animal Sound Archive</dc:source>
    <dc:subject rdf:resource="http://openup.nhm-wien.ac.at/commonNames/221065"></dc:subject>
    <dc:subject rdf:resource="http://openup.nhm-wien.ac.at/commonNames/221066"></dc:subject>
    <dc:subject rdf:resource="http://openup.nhm-wien.ac.at/commonNames/221068"></dc:subject>
    <dc:subject rdf:resource="http://openup.nhm-wien.ac.at/commonNames/221067"></dc:subject>
    <dc:subject rdf:resource="http://openup.nhm-wien.ac.at/commonNames/221069"></dc:subject>
    <dc:subject rdf:resource="http://openup.nhm-wien.ac.at/commonNames/221070"></dc:subject>
    <dc:subject rdf:resource="http://openup.nhm-wien.ac.at/commonNames/221071"></dc:subject>
    <dc:subject rdf:resource="http://openup.nhm-wien.ac.at/commonNames/221072"></dc:subject>
    <dc:subject rdf:resource="http://openup.nhm-wien.ac.at/commonNames/221073"></dc:subject>
    <dc:subject rdf:resource="http://openup.nhm-wien.ac.at/commonNames/221074"></dc:subject>
    <dc:subject rdf:resource="http://openup.nhm-wien.ac.at/commonNames/221075"></dc:subject>
    <dc:subject rdf:resource="http://openup.nhm-wien.ac.at/commonNames/221076"></dc:subject>
    <dc:subject rdf:resource="http://openup.nhm-wien.ac.at/commonNames/221077"></dc:subject>
    <dc:subject rdf:resource="http://openup.nhm-wien.ac.at/commonNames/221078"></dc:subject>
    <dc:subject rdf:resource="http://openup.nhm-wien.ac.at/commonNames/221079"></dc:subject>
    <dc:subject rdf:resource="http://openup.nhm-wien.ac.at/commonNames/221081"></dc:subject>
    <dc:subject rdf:resource="http://openup.nhm-wien.ac.at/commonNames/221080"></dc:subject>
    <dc:subject rdf:resource="http://openup.nhm-wien.ac.at/commonNames/221082"></dc:subject>
    <dc:subject rdf:resource="http://openup.nhm-wien.ac.at/commonNames/221083"></dc:subject>
    <dc:subject rdf:resource="http://openup.nhm-wien.ac.at/commonNames/221084"></dc:subject>
    <dc:subject rdf:resource="http://openup.nhm-wien.ac.at/commonNames/221085"></dc:subject>
    <dc:subject rdf:resource="http://openup.nhm-wien.ac.at/commonNames/221086"></dc:subject>
    <dc:subject rdf:resource="http://openup.nhm-wien.ac.at/commonNames/221030"></dc:subject>
    <dc:subject rdf:resource="http://openup.nhm-wien.ac.at/commonNames/221031"></dc:subject>
    <dc:subject rdf:resource="http://openup.nhm-wien.ac.at/commonNames/807206"></dc:subject>
    <dc:subject rdf:resource="http://openup.nhm-wien.ac.at/commonNames/807207"></dc:subject>
    <dc:subject rdf:resource="http://openup.nhm-wien.ac.at/commonNames/428937"></dc:subject>
    <dc:subject rdf:resource="http://openup.nhm-wien.ac.at/commonNames/428938"></dc:subject>
    <dc:subject rdf:resource="http://openup.nhm-wien.ac.at/commonNames/446380"></dc:subject>
    <dc:subject rdf:resource="http://openup.nhm-wien.ac.at/commonNames/594708"></dc:subject>
    <dc:subject>http://openup.nhm-wien.ac.at/commonNames/references/scientificName/76151</dc:subject>
    <dc:type>Sound Recording</dc:type>
    <dcterms:spatial>Biotope: wetland</dcterms:spatial>
    <dcterms:spatial rdf:resource="geo:53.841111,12.875556"></dcterms:spatial>
    <edm:currentLocation>Museum fuer Naturkunde Berlin, Tierstimmenarchiv, Invalidenstraße 43, D-10155 Berlin, Germany</edm:currentLocation>
    <edm:hasMet rdf:resource="https://sws.geonames.org/2921044/"></edm:hasMet>
    <edm:hasMet rdf:resource="geo:53.841111,12.875556"></edm:hasMet>
    <edm:hasType rdf:resource="http://rs.tdwg.org/dwc/terms/SoundRecording"></edm:hasType>
    <edm:type>SOUND</edm:type>
  </edm:ProvidedCHO>
  <edm:WebResource rdf:about="http://www.tierstimmenarchiv.de/recordings/Luscinia_svecica_DIG0112_13_short.mp3">
    <dc:format xml:lang="en">audio/mp3</dc:format>
    <dc:rights>CC BY-NC-SA, no commercial use</dc:rights>
    <edm:rights rdf:resource="http://creativecommons.org/licenses/by-nc-sa/4.0/"></edm:rights>
  </edm:WebResource>
  <edm:WebResource rdf:about="https://www.tierstimmenarchiv.de/webinterface/contents/showdetails.php?unique_id=TSA:Luscinia_svecica_DIG_112_13_1">
    <dc:format>text/html</dc:format>
    <dc:rights>CC BY-NC-SA, no commercial use</dc:rights>
    <edm:rights rdf:resource="http://creativecommons.org/licenses/by-nc-sa/4.0/"></edm:rights>
  </edm:WebResource>
  <edm:Place rdf:about="https://sws.geonames.org/2921044/">
    <skos:prefLabel xml:lang="en">Germany</skos:prefLabel>
    <skos:note>Demmin; scenic area: Kummerower See</skos:note>
  </edm:Place>
  <edm:Place rdf:about="geo:53.841111,12.875556">
    <wgs84_pos:lat>53.841111</wgs84_pos:lat>
    <wgs84_pos:long>12.875556</wgs84_pos:long>
    <skos:prefLabel xml:lang="DE">Kützerhof</skos:prefLabel>
    <dcterms:isPartOf rdf:resource="https://sws.geonames.org/2921044/"></dcterms:isPartOf>
    <skos:note>Demmin; scenic area: Kummerower See</skos:note>
  </edm:Place>
  <skos:Concept rdf:about="http://openup.nhm-wien.ac.at/commonNames/221065">
    <skos:prefLabel xml:lang="sv">blåhake</skos:prefLabel>
    <skos:note>common name</skos:note>
    <skos:note>Language: sv</skos:note>
    <skos:note>Reference(s): PESI (2014). Pan-European Species directories Infrastructure. Accessed through www.eu-nomen.eu/portal, at 2019-09-07</skos:note>
    <skos:editorialNote>http://openup.nhm-wien.ac.at/commonNames/references/scientificName/76151</skos:editorialNote>
  </skos:Concept>
  <skos:Concept rdf:about="http://openup.nhm-wien.ac.at/commonNames/221066">
    <skos:prefLabel xml:lang="da">Blåhals</skos:prefLabel>
    <skos:note>common name</skos:note>
    <skos:note>Language: da</skos:note>
    <skos:note>Reference(s): PESI (2014). Pan-European Species directories Infrastructure. Accessed through www.eu-nomen.eu/portal, at 2019-09-07</skos:note>
    <skos:editorialNote>http://openup.nhm-wien.ac.at/commonNames/references/scientificName/76151</skos:editorialNote>
  </skos:Concept>
  <skos:Concept rdf:about="http://openup.nhm-wien.ac.at/commonNames/221068">
    <skos:prefLabel xml:lang="no">Blåstrupe</skos:prefLabel>
    <skos:note>common name</skos:note>
    <skos:note>Language: no</skos:note>
    <skos:note>Reference(s): PESI (2014). Pan-European Species directories Infrastructure. Accessed through www.eu-nomen.eu/portal, at 2019-09-07</skos:note>
    <skos:editorialNote>http://openup.nhm-wien.ac.at/commonNames/references/scientificName/76151</skos:editorialNote>
  </skos:Concept>
  <skos:Concept rdf:about="http://openup.nhm-wien.ac.at/commonNames/221067">
    <skos:prefLabel>blåstrupe</skos:prefLabel>
    <skos:note>common name</skos:note>
    <skos:note>Reference(s): PESI (2014). Pan-European Species directories Infrastructure. Accessed through www.eu-nomen.eu/portal, at 2019-09-07;PESI (2014). Pan-European Species directories Infrastructure. Accessed through www.eu-nomen.eu/portal, at 2019-09-07</skos:note>
    <skos:editorialNote>http://openup.nhm-wien.ac.at/commonNames/references/scientificName/76151</skos:editorialNote>
  </skos:Concept>
  <skos:Concept rdf:about="http://openup.nhm-wien.ac.at/commonNames/221069">
    <skos:prefLabel xml:lang="de">Blaukehlchen</skos:prefLabel>
    <skos:note>common name</skos:note>
    <skos:note>Language: de</skos:note>
    <skos:note>Reference(s): PESI (2014). Pan-European Species directories Infrastructure. Accessed through www.eu-nomen.eu/portal, at 2019-09-07</skos:note>
    <skos:editorialNote>http://openup.nhm-wien.ac.at/commonNames/references/scientificName/76151</skos:editorialNote>
  </skos:Concept>
  <skos:Concept rdf:about="http://openup.nhm-wien.ac.at/commonNames/221070">
    <skos:prefLabel xml:lang="nl">Blauwborst</skos:prefLabel>
    <skos:note>common name</skos:note>
    <skos:note>Language: nl</skos:note>
    <skos:note>Reference(s): PESI (2014). Pan-European Species directories Infrastructure. Accessed through www.eu-nomen.eu/portal, at 2019-09-07</skos:note>
    <skos:editorialNote>http://openup.nhm-wien.ac.at/commonNames/references/scientificName/76151</skos:editorialNote>
  </skos:Concept>
  <skos:Concept rdf:about="http://openup.nhm-wien.ac.at/commonNames/221071">
    <skos:prefLabel xml:lang="en">Bluethroat</skos:prefLabel>
    <skos:note>common name</skos:note>
    <skos:note>Language: en</skos:note>
    <skos:note>Reference(s): PESI (2014). Pan-European Species directories Infrastructure. Accessed through www.eu-nomen.eu/portal, at 2019-09-07</skos:note>
    <skos:editorialNote>http://openup.nhm-wien.ac.at/commonNames/references/scientificName/76151</skos:editorialNote>
  </skos:Concept>
  <skos:Concept rdf:about="http://openup.nhm-wien.ac.at/commonNames/221072">
    <skos:prefLabel xml:lang="eu">Bluethroat</skos:prefLabel>
    <skos:note>common name</skos:note>
    <skos:note>Language: eu</skos:note>
    <skos:note>Reference(s): PESI (2014). Pan-European Species directories Infrastructure. Accessed through www.eu-nomen.eu/portal, at 2019-09-07</skos:note>
    <skos:editorialNote>http://openup.nhm-wien.ac.at/commonNames/references/scientificName/76151</skos:editorialNote>
  </skos:Concept>
  <skos:Concept rdf:about="http://openup.nhm-wien.ac.at/commonNames/221073">
    <skos:prefLabel>bronlas</skos:prefLabel>
    <skos:note>common name</skos:note>
    <skos:note>Language: we</skos:note>
    <skos:note>Reference(s): PESI (2014). Pan-European Species directories Infrastructure. Accessed through www.eu-nomen.eu/portal, at 2019-09-07</skos:note>
    <skos:editorialNote>http://openup.nhm-wien.ac.at/commonNames/references/scientificName/76151</skos:editorialNote>
  </skos:Concept>
  <skos:Concept rdf:about="http://openup.nhm-wien.ac.at/commonNames/221074">
    <skos:prefLabel xml:lang="tr">Bugdaycil</skos:prefLabel>
    <skos:note>common name</skos:note>
    <skos:note>Language: tr</skos:note>
    <skos:note>Reference(s): PESI (2014). Pan-European Species directories Infrastructure. Accessed through www.eu-nomen.eu/portal, at 2019-09-07;PESI (2014). Pan-European Species directories Infrastructure. Accessed through www.eu-nomen.eu/portal, at 2019-09-07</skos:note>
    <skos:editorialNote>http://openup.nhm-wien.ac.at/commonNames/references/scientificName/76151</skos:editorialNote>
  </skos:Concept>
  <skos:Concept rdf:about="http://openup.nhm-wien.ac.at/commonNames/221075">
    <skos:prefLabel xml:lang="lt">mėlyngurklė</skos:prefLabel>
    <skos:note>common name</skos:note>
    <skos:note>Language: li</skos:note>
    <skos:note>Reference(s): PESI (2014). Pan-European Species directories Infrastructure. Accessed through www.eu-nomen.eu/portal, at 2019-09-07</skos:note>
    <skos:editorialNote>http://openup.nhm-wien.ac.at/commonNames/references/scientificName/76151</skos:editorialNote>
  </skos:Concept>
  <skos:Concept rdf:about="http://openup.nhm-wien.ac.at/commonNames/221076">
    <skos:prefLabel xml:lang="sn">modra taščica</skos:prefLabel>
    <skos:note>common name</skos:note>
    <skos:note>Language: sn</skos:note>
    <skos:note>Reference(s): PESI (2014). Pan-European Species directories Infrastructure. Accessed through www.eu-nomen.eu/portal, at 2019-09-07</skos:note>
    <skos:editorialNote>http://openup.nhm-wien.ac.at/commonNames/references/scientificName/76151</skos:editorialNote>
  </skos:Concept>
  <skos:Concept rdf:about="http://openup.nhm-wien.ac.at/commonNames/221077">
    <skos:prefLabel xml:lang="it">Pettazzurro</skos:prefLabel>
    <skos:note>common name</skos:note>
    <skos:note>Language: it</skos:note>
    <skos:note>Reference(s): PESI (2014). Pan-European Species directories Infrastructure. Accessed through www.eu-nomen.eu/portal, at 2019-09-07</skos:note>
    <skos:editorialNote>http://openup.nhm-wien.ac.at/commonNames/references/scientificName/76151</skos:editorialNote>
  </skos:Concept>
  <skos:Concept rdf:about="http://openup.nhm-wien.ac.at/commonNames/221078">
    <skos:prefLabel xml:lang="es">Ruiseñor pechiazul</skos:prefLabel>
    <skos:note>common name</skos:note>
    <skos:note>Language: es</skos:note>
    <skos:note>Reference(s): PESI (2014). Pan-European Species directories Infrastructure. Accessed through www.eu-nomen.eu/portal, at 2019-09-07</skos:note>
    <skos:editorialNote>http://openup.nhm-wien.ac.at/commonNames/references/scientificName/76151</skos:editorialNote>
  </skos:Concept>
  <skos:Concept rdf:about="http://openup.nhm-wien.ac.at/commonNames/221079">
    <skos:prefLabel>Γαλαζολαίμης </skos:prefLabel>
    <skos:note>common name</skos:note>
    <skos:note>Language: gr</skos:note>
    <skos:note>Reference(s): PESI (2014). Pan-European Species directories Infrastructure. Accessed through www.eu-nomen.eu/portal, at 2019-09-07;PESI (2014). Pan-European Species directories Infrastructure. Accessed through www.eu-nomen.eu/portal, at 2019-09-07</skos:note>
    <skos:editorialNote>http://openup.nhm-wien.ac.at/commonNames/references/scientificName/76151</skos:editorialNote>
  </skos:Concept>
  <skos:Concept rdf:about="http://openup.nhm-wien.ac.at/commonNames/221081">
    <skos:prefLabel xml:lang="uk">Варакушка</skos:prefLabel>
    <skos:note>common name</skos:note>
    <skos:note>Language: uk</skos:note>
    <skos:note>Reference(s): PESI (2014). Pan-European Species directories Infrastructure. Accessed through www.eu-nomen.eu/portal, at 2019-09-07</skos:note>
    <skos:editorialNote>http://openup.nhm-wien.ac.at/commonNames/references/scientificName/76151</skos:editorialNote>
  </skos:Concept>
  <skos:Concept rdf:about="http://openup.nhm-wien.ac.at/commonNames/221080">
    <skos:prefLabel xml:lang="ru">варакушка</skos:prefLabel>
    <skos:note>common name</skos:note>
    <skos:note>Language: ru</skos:note>
    <skos:note>Reference(s): PESI (2014). Pan-European Species directories Infrastructure. Accessed through www.eu-nomen.eu/portal, at 2019-09-07</skos:note>
    <skos:editorialNote>http://openup.nhm-wien.ac.at/commonNames/references/scientificName/76151</skos:editorialNote>
  </skos:Concept>
  <skos:Concept rdf:about="http://openup.nhm-wien.ac.at/commonNames/221082">
    <skos:prefLabel xml:lang="bg">Синьогушка</skos:prefLabel>
    <skos:note>common name</skos:note>
    <skos:note>Language: bg</skos:note>
    <skos:note>Reference(s): PESI (2014). Pan-European Species directories Infrastructure. Accessed through www.eu-nomen.eu/portal, at 2019-09-07</skos:note>
    <skos:editorialNote>http://openup.nhm-wien.ac.at/commonNames/references/scientificName/76151</skos:editorialNote>
  </skos:Concept>
  <skos:Concept rdf:about="http://openup.nhm-wien.ac.at/commonNames/221083">
    <skos:prefLabel xml:lang="uk">Синьошийка</skos:prefLabel>
    <skos:note>common name</skos:note>
    <skos:note>Language: uk</skos:note>
    <skos:note>Reference(s): PESI (2014). Pan-European Species directories Infrastructure. Accessed through www.eu-nomen.eu/portal, at 2019-09-07</skos:note>
    <skos:editorialNote>http://openup.nhm-wien.ac.at/commonNames/references/scientificName/76151</skos:editorialNote>
  </skos:Concept>
  <skos:Concept rdf:about="http://openup.nhm-wien.ac.at/commonNames/221084">
    <skos:prefLabel xml:lang="he">כחול-חזה</skos:prefLabel>
    <skos:note>common name</skos:note>
    <skos:note>Language: he</skos:note>
    <skos:note>Reference(s): PESI (2014). Pan-European Species directories Infrastructure. Accessed through www.eu-nomen.eu/portal, at 2019-09-07</skos:note>
    <skos:editorialNote>http://openup.nhm-wien.ac.at/commonNames/references/scientificName/76151</skos:editorialNote>
  </skos:Concept>
  <skos:Concept rdf:about="http://openup.nhm-wien.ac.at/commonNames/221085">
    <skos:prefLabel xml:lang="en">Bluethroat</skos:prefLabel>
    <skos:note>common name</skos:note>
    <skos:note>Language: English</skos:note>
    <skos:note>Reference(s): Bisby F., Roskov Y., Culham A., Orrell T., Nicolson D., Paglinawan L., Bailly N., Kirk P., Bourgoin T., Baillargeon G., Hernandez F., De Wever A., Kunze T., eds (2013). Species 2000 and ITIS Catalogue of Life, 8th February 2013. Digital resource at www.catalogueoflife.org/col/. Species 2000: Reading, UK.;ITIS Global: The Integrated Taxonomic Information System;Gill, Frank, and Minturn Wright 2006 Birds of the World: Recommended English Names; 2005 website, AOU Check-List (07-2005)</skos:note>
    <skos:editorialNote>http://openup.nhm-wien.ac.at/commonNames/references/scientificName/76151</skos:editorialNote>
  </skos:Concept>
  <skos:Concept rdf:about="http://openup.nhm-wien.ac.at/commonNames/221086">
    <skos:prefLabel xml:lang="da">Blåhals</skos:prefLabel>
    <skos:note>common name</skos:note>
    <skos:note>Language: dan</skos:note>
    <skos:note>Reference(s): DK-listen. http://www.netfugl.dk/dklist.php</skos:note>
    <skos:editorialNote>http://openup.nhm-wien.ac.at/commonNames/references/scientificName/76151</skos:editorialNote>
  </skos:Concept>
  <skos:Concept rdf:about="http://openup.nhm-wien.ac.at/commonNames/221030">
    <skos:prefLabel xml:lang="nb">blåstrupe</skos:prefLabel>
    <skos:note>common name</skos:note>
    <skos:note>Language: Bokmål</skos:note>
    <skos:note>Reference(s): artsdatabanken.no;artsdatabanken.no</skos:note>
    <skos:editorialNote>http://openup.nhm-wien.ac.at/commonNames/references/scientificName/76151</skos:editorialNote>
  </skos:Concept>
  <skos:Concept rdf:about="http://openup.nhm-wien.ac.at/commonNames/221031">
    <skos:prefLabel xml:lang="nn">blåstrupe</skos:prefLabel>
    <skos:note>common name</skos:note>
    <skos:note>Language: Nynorsk</skos:note>
    <skos:note>Reference(s): artsdatabanken.no;artsdatabanken.no</skos:note>
    <skos:editorialNote>http://openup.nhm-wien.ac.at/commonNames/references/scientificName/76151</skos:editorialNote>
  </skos:Concept>
  <skos:Concept rdf:about="http://openup.nhm-wien.ac.at/commonNames/807206">
    <skos:prefLabel>giellavealgu</skos:prefLabel>
    <skos:note>common name</skos:note>
    <skos:note>Language: Nordsamisk</skos:note>
    <skos:note>Reference(s): artsdatabanken.no;artsdatabanken.no</skos:note>
    <skos:editorialNote>http://openup.nhm-wien.ac.at/commonNames/references/scientificName/76151</skos:editorialNote>
  </skos:Concept>
  <skos:Concept rdf:about="http://openup.nhm-wien.ac.at/commonNames/807207">
    <skos:prefLabel>biellocizáš</skos:prefLabel>
    <skos:note>common name</skos:note>
    <skos:note>Language: Nordsamisk</skos:note>
    <skos:note>Reference(s): artsdatabanken.no;artsdatabanken.no</skos:note>
    <skos:editorialNote>http://openup.nhm-wien.ac.at/commonNames/references/scientificName/76151</skos:editorialNote>
  </skos:Concept>
  <skos:Concept rdf:about="http://openup.nhm-wien.ac.at/commonNames/428937">
    <skos:prefLabel xml:lang="nl">Blauwborst</skos:prefLabel>
    <skos:note>common name</skos:note>
    <skos:note>Language: nld</skos:note>
    <skos:note>Reference(s): NSR</skos:note>
    <skos:editorialNote>http://openup.nhm-wien.ac.at/commonNames/references/scientificName/76151</skos:editorialNote>
  </skos:Concept>
  <skos:Concept rdf:about="http://openup.nhm-wien.ac.at/commonNames/428938">
    <skos:prefLabel xml:lang="en">Bluethroat</skos:prefLabel>
    <skos:note>common name</skos:note>
    <skos:note>Language: eng</skos:note>
    <skos:note>Reference(s): NSR</skos:note>
    <skos:editorialNote>http://openup.nhm-wien.ac.at/commonNames/references/scientificName/76151</skos:editorialNote>
  </skos:Concept>
  <skos:Concept rdf:about="http://openup.nhm-wien.ac.at/commonNames/446380">
    <skos:prefLabel xml:lang="sv">blåhake</skos:prefLabel>
    <skos:note>common name</skos:note>
    <skos:note>Language: swe</skos:note>
    <skos:note>Reference(s): Dyntaxa (2019) Swedish Taxonomic Database. Accessed at https://www.dyntaxa.se/Taxon/Info/102624 at [2019-09-07]</skos:note>
    <skos:editorialNote>http://openup.nhm-wien.ac.at/commonNames/references/scientificName/76151</skos:editorialNote>
  </skos:Concept>
  <skos:Concept rdf:about="http://openup.nhm-wien.ac.at/commonNames/594708">
    <skos:prefLabel xml:lang="ja">オガワコマドリ</skos:prefLabel>
    <skos:note>common name</skos:note>
    <skos:note>Language: jpn</skos:note>
    <skos:note>Reference(s): 岐阜県博物館 (サイエンスミュージアムネット, 2010/08/24) %3C155762%3E;兵庫県立人と自然の博物館（その他） (サイエンスミュージアムネット, 2010/08/24) %3C155763%3E</skos:note>
    <skos:editorialNote>http://openup.nhm-wien.ac.at/commonNames/references/scientificName/76151</skos:editorialNote>
  </skos:Concept>
  <ore:Aggregation rdf:about="http%3A%2F%2Fweb-openup.nhm.ac.uk%2Foai-provider%2Findex.php%3Fform%3Ddisplay%26oaiid%3DTIERSTIMMENARCHIV%253AMFN%253AGERMANY%252FTSA%253ALuscinia_svecica_DIG_112_13_1%26db%3D0">
    <edm:aggregatedCHO rdf:resource="TIERSTIMMENARCHIVXMFNXGERMANYXTSAXLUSCINIAXSVECICAXDIGX112X13X1"></edm:aggregatedCHO>
    <edm:dataProvider>Museum fuer Naturkunde Berlin, Tierstimmenarchiv</edm:dataProvider>
    <edm:isShownAt rdf:resource="https://www.tierstimmenarchiv.de/webinterface/contents/showdetails.php?unique_id=TSA:Luscinia_svecica_DIG_112_13_1"></edm:isShownAt>
    <edm:isShownBy rdf:resource="http://www.tierstimmenarchiv.de/recordings/Luscinia_svecica_DIG0112_13_short.mp3"></edm:isShownBy>
    <edm:object rdf:resource="http://www.tierstimmenarchiv.de/recordings/Luscinia_svecica_DIG0112_13_short.mp3"></edm:object>
    <edm:provider>OpenUp!</edm:provider>
    <edm:rights rdf:resource="http://creativecommons.org/licenses/by-nc-sa/4.0/"></edm:rights>
  </ore:Aggregation>
</rdf:RDF>