﻿<?xml version="1.0" encoding="utf-8"?>
<rdf:RDF xmlns:wgs84_pos="http://www.w3.org/2003/01/geo/wgs84_pos#" xmlns:oai_dc="http://www.openarchives.org/OAI/2.0/oai_dc/" xmlns:dc="http://purl.org/dc/elements/1.1/" xmlns:dcterms="http://purl.org/dc/terms/" xmlns:dct="http://purl.org/dc/terms/" xmlns:edm="http://www.europeana.eu/schemas/edm/" xmlns:foaf="http://xmlns.com/foaf/0.1/" xmlns:owl="http://www.w3.org/2002/07/owl#" xmlns:rdf="http://www.w3.org/1999/02/22-rdf-syntax-ns#" xmlns:rdfs="http://www.w3.org/2000/01/rdf-schema#" xmlns:skos="http://www.w3.org/2004/02/skos/core#" xmlns:ore="http://www.openarchives.org/ore/terms/" xmlns:svcs="http://rdfs.org/sioc/services#" xmlns:doap="http://usefulinc.com/ns/doap#" xmlns:rdaGr2="http://rdvocab.info/ElementsGr2/">
  <edm:ProvidedCHO rdf:about="SCHWEINFURTHBOTANICALDRAWINGSXBGBMXGERMANYXBXSZX0000114">
    <dc:identifier>B - SchweinfurthBotanicalDrawings - B_SZ_0000114</dc:identifier>
    <dc:title xml:lang="la">Heliotropium arbainense</dc:title>
    <dcterms:alternative>Heliotropium arbainense Fresen.</dcterms:alternative>
    <dc:contributor>G. Schweinfurth (identifier)</dc:contributor>
    <dc:description>Sudan: Suakin, 1866, gezeichnet von G. Schweinfurth</dc:description>
    <dc:description>Heliotropium / arbainense Fres. / Küstenfläche bei Suakin / März Mitte 1866. // n. Grösse. // Corolla / citronengelb. / innen kahl, / aussen feinbehaart. // Kelch / hellmeergrün / dichtpubescent. // citronengelb / hellgrün // Narbe / Ovarium // Anthere von / vorn und von hinten // Narbe / von oben / von unten // Querschnitt / durch die [Frucht] // ovarum von oben / nach Entfernung / Der Narbe // Frucht [...] / von der Seite // 6 Zoll. bei 2 Fuss hoch //</dc:description>
    <dc:relation>http://www.biodiversitylibrary.org/name/Heliotropium_arbainense_Fresen%24</dc:relation>
    <dc:relation>http://www.biodiversitylibrary.org/name/Heliotropium_arbainense</dc:relation>
    <dc:source>Collection of botanical drawings by Georg Schweinfurth at Herbarium Berolinense, Berlin (B)</dc:source>
    <dc:subject rdf:resource="http://openup.nhm-wien.ac.at/commonNames/437904"/>
    <dc:subject rdf:resource="http://openup.nhm-wien.ac.at/commonNames/437905"/>
    <dc:subject rdf:resource="http://openup.nhm-wien.ac.at/commonNames/441104"/>
    <dc:subject rdf:resource="http://openup.nhm-wien.ac.at/commonNames/513384"/>
    <dc:subject>http://openup.nhm-wien.ac.at/commonNames/references/scientificName/145269</dc:subject>
    <dc:type>Human Observation</dc:type>
    <dcterms:spatial>Suakin</dcterms:spatial>
    <edm:currentLocation>Königin-Luise-Str. 6-8, 14195 Berlin, Germany</edm:currentLocation>
    <edm:hasMet rdf:resource="https://sws.geonames.org/366755/"/>
    <edm:hasType rdf:resource="http://rs.tdwg.org/dwc/terms/HumanObservation"/>
    <edm:type>IMAGE</edm:type>
  </edm:ProvidedCHO>
  <edm:WebResource rdf:about="https://image.bgbm.org/images/herbarium/B/SZ/00/00/11/B_SZ_0000114.jpg">
    <dc:creator>G. Schweinfurth</dc:creator>
    <dc:description>Sudan: Suakin, 1866, gezeichnet von G. Schweinfurth</dc:description>
    <dc:description>Heliotropium / arbainense Fres. / Küstenfläche bei Suakin / März Mitte 1866. // n. Grösse. // Corolla / citronengelb. / innen kahl, / aussen feinbehaart. // Kelch / hellmeergrün / dichtpubescent. // citronengelb / hellgrün // Narbe / Ovarium // Anthere von / vorn und von hinten // Narbe / von oben / von unten // Querschnitt / durch die [Frucht] // ovarum von oben / nach Entfernung / Der Narbe // Frucht [...] / von der Seite // 6 Zoll. bei 2 Fuss hoch //</dc:description>
    <dc:format xml:lang="en">image/jpeg</dc:format>
    <dc:rights>CC-BY-SA 3.0</dc:rights>
    <edm:rights rdf:resource="http://creativecommons.org/licenses/by-sa/3.0/"/>
  </edm:WebResource>
  <edm:Place rdf:about="https://sws.geonames.org/366755/">
    <wgs84_pos:lat>16</wgs84_pos:lat>
    <wgs84_pos:long>30</wgs84_pos:long>
    <skos:prefLabel xml:lang="en">Sudan</skos:prefLabel>
  </edm:Place>
  <skos:Concept rdf:about="http://openup.nhm-wien.ac.at/commonNames/437904">
    <skos:prefLabel xml:lang="fqs">آفتاب پرست سیستانی</skos:prefLabel>
    <skos:note>common name</skos:note>
    <skos:note>Language: fas</skos:note>
    <skos:note>Reference(s): Mozaffarian, V. (2007): 1-671; index.</skos:note>
    <skos:note>Geography: Islamic Republic of Iran, Iran (independent political entity: country, state, region,...), (, Iran,IR, , 00)</skos:note>
    <skos:note>Period: recent</skos:note>
    <skos:editorialNote>http://openup.nhm-wien.ac.at/commonNames/references/scientificName/145269</skos:editorialNote>
  </skos:Concept>
  <skos:Concept rdf:about="http://openup.nhm-wien.ac.at/commonNames/437905">
    <skos:prefLabel xml:lang="fqs">aftabparast sistani</skos:prefLabel>
    <skos:note>common name</skos:note>
    <skos:note>Language: fas</skos:note>
    <skos:note>Reference(s): Mozaffarian, V. (2007): 1-671; index.</skos:note>
    <skos:note>Geography: Islamic Republic of Iran, Iran (independent political entity: country, state, region,...), (, Iran,IR, , 00)</skos:note>
    <skos:note>Period: recent</skos:note>
    <skos:editorialNote>http://openup.nhm-wien.ac.at/commonNames/references/scientificName/145269</skos:editorialNote>
  </skos:Concept>
  <skos:Concept rdf:about="http://openup.nhm-wien.ac.at/commonNames/441104">
    <skos:prefLabel xml:lang="he">מדברי</skos:prefLabel>
    <skos:note>common name</skos:note>
    <skos:note>Language: heb</skos:note>
    <skos:note>Reference(s): Hebrew Names</skos:note>
    <skos:editorialNote>http://openup.nhm-wien.ac.at/commonNames/references/scientificName/145269</skos:editorialNote>
  </skos:Concept>
  <skos:Concept rdf:about="http://openup.nhm-wien.ac.at/commonNames/513384">
    <skos:prefLabel xml:lang="ru">Гелиотроп арбаинский</skos:prefLabel>
    <skos:note>common name</skos:note>
    <skos:note>Language: rus</skos:note>
    <skos:note>Reference(s): Plantarium - Russia</skos:note>
    <skos:editorialNote>http://openup.nhm-wien.ac.at/commonNames/references/scientificName/145269</skos:editorialNote>
  </skos:Concept>
  <ore:Aggregation rdf:about="http%3A%2F%2Fweb-openup.nhm.ac.uk%2Foai-provider%2Findex.php%3Fform%3Ddisplay%26oaiid%3DSCHWEINFURTHBOTANICALDRAWINGS%253ABGBM%253AGERMANY%252FB_SZ_0000114%26db%3D0">
    <edm:aggregatedCHO rdf:resource="SCHWEINFURTHBOTANICALDRAWINGSXBGBMXGERMANYXBXSZX0000114"></edm:aggregatedCHO>
    <edm:dataProvider>Botanic Garden and Botanical Museum Berlin</edm:dataProvider>
    <edm:isShownBy rdf:resource="https://image.bgbm.org/images/herbarium/B/SZ/00/00/11/B_SZ_0000114.jpg"></edm:isShownBy>
    <edm:object rdf:resource="https://image.bgbm.org/images/herbarium/B/SZ/00/00/11/B_SZ_0000114.jpg"></edm:object>
    <edm:provider>OpenUp!</edm:provider>
    <edm:rights rdf:resource="http://creativecommons.org/licenses/by-sa/3.0/"/>
  </ore:Aggregation>
</rdf:RDF>