<?xml version="1.0" encoding="UTF-8"?>
<rdf:RDF xmlns:adms="http://www.w3.org/ns/adms#" 
    xmlns:cc="http://creativecommons.org/ns#" 
    xmlns:crm="http://www.cidoc-crm.org/rdfs/cidoc_crm_v5.0.2_english_label.rdfs#" 
    xmlns:dc="http://purl.org/dc/elements/1.1/" 
    xmlns:dcat="http://www.w3.org/ns/dcat#" 
    xmlns:dcterms="http://purl.org/dc/terms/" 
    xmlns:doap="http://usefulinc.com/ns/doap#" 
    xmlns:ebucore="http://www.ebu.ch/metadata/ontologies/ebucore/ebucore#" 
    xmlns:edm="http://www.europeana.eu/schemas/edm/" 
    xmlns:foaf="http://xmlns.com/foaf/0.1/" 
    xmlns:odrl="http://www.w3.org/ns/odrl/2/" 
    xmlns:ore="http://www.openarchives.org/ore/terms/" 
    xmlns:owl="http://www.w3.org/2002/07/owl#" 
    xmlns:rdaGr2="http://rdvocab.info/ElementsGr2/" 
    xmlns:rdf="http://www.w3.org/1999/02/22-rdf-syntax-ns#" 
    xmlns:rdfs="http://www.w3.org/2000/01/rdf-schema#" 
    xmlns:skos="http://www.w3.org/2004/02/skos/core#" 
    xmlns:svcs="http://rdfs.org/sioc/services#" 
    xmlns:wgs84="http://www.w3.org/2003/01/geo/wgs84_pos#" 
    xmlns:xalan="http://xml.apache.org/xalan">
    <edm:ProvidedCHO rdf:about="#example_IIIF_Text_2">
        <dc:created>1897</dc:created>
        <dc:title xml:lang="en">Text IIIF Example Record Tier 2</dc:title>
        <dc:subject rdf:resource="http://vocab.getty.edu/aat/300020756"/>
        <dc:type rdf:resource="http://vocab.getty.edu/aat/300265483"/>
        <dc:format rdf:resource="http://vocab.getty.edu/aat/300028051"/>
        <dcterms:isPartOf>Europeana Foundation Example Records</dcterms:isPartOf>
        <dc:language>en</dc:language>
        <edm:type>TEXT</edm:type>
    </edm:ProvidedCHO>
    <edm:WebResource rdf:about="https://gallica.bnf.fr/iiif/ark:/12148/btv1b10525300h/f1/full/512,/0/native.jpg">
        <dc:format>jpg</dc:format>
        <dcterms:isReferencedBy rdf:resource="https://gallica.bnf.fr/iiif/ark:/12148/btv1b10525300h/manifest.json"/>
        <svcs:has_service rdf:resource="https://gallica.bnf.fr/iiif/ark:/12148/btv1b10525300h/f1"/>
        <dc:rights rdf:resource="http://rightsstatements.org/page/NoC-OKLR/1.0/?relatedURL=http://gallica.bnf.fr/html/conditions-dutilisation-des-contenus-de-gallica"/>
    </edm:WebResource>
    <ore:Aggregation rdf:about="#example_IIIF_Text_2_AGG">
        <edm:aggregatedCHO rdf:resource="#example_IIIF_Text_2"/>
        <edm:isShownAt rdf:resource="https://gallica.bnf.fr/ark:/12148/btv1b10525300h"/>
        <edm:isShownBy rdf:resource="https://gallica.bnf.fr/iiif/ark:/12148/btv1b10525300h/f1/full/full/0/native.jpg"/>
        <edm:object rdf:resource="https://gallica.bnf.fr/iiif/ark:/12148/btv1b10525300h/f1/full/512,/0/native.jpg"/>
        <edm:dataProvider>Europeana Foundation</edm:dataProvider>
        <edm:provider>Europeana Foundation</edm:provider> 
        <edm:rights rdf:resource="http://rightsstatements.org/vocab/InC/1.0/"/>
    </ore:Aggregation>
    <svcs:Service rdf:about="https://gallica.bnf.fr/iiif/ark:/12148/btv1b10525300h/f1">
        <dcterms:conformsTo rdf:resource="http://iiif.io/api/image"/>
        <doap:implements rdf:resource="http://iiif.io/api/image/2/level2.json"/>
    </svcs:Service>
</rdf:RDF>