<?xml version="1.0" encoding="UTF-8"?>
<rdf:RDF xmlns:adms="http://www.w3.org/ns/adms#" 
    xmlns:cc="http://creativecommons.org/ns#" 
    xmlns:crm="http://www.cidoc-crm.org/rdfs/cidoc_crm/" 
    xmlns:dc="http://purl.org/dc/elements/1.1/" 
    xmlns:dcterms="http://purl.org/dc/terms/" 
    xmlns:doap="http://usefulinc.com/ns/doap#" 
    xmlns:ebucore="http://www.ebu.ch/metadata/ontologies/ebucore/ebucore#" 
    xmlns:edm="http://www.europeana.eu/schemas/edm/" 
    xmlns:foaf="http://xmlns.com/foaf/0.1/" 
    xmlns:odrl="http://www.w3.org/ns/odrl/2/" 
    xmlns:ore="http://www.openarchives.org/ore/terms/" 
    xmlns:owl="http://www.w3.org/2002/07/owl#" 
    xmlns:rdaGr2="http://rdvocab.info/ElementsGr2/" 
    xmlns:rdf="http://www.w3.org/1999/02/22-rdf-syntax-ns#" 
    xmlns:rdfs="http://www.w3.org/2000/01/rdf-schema#" 
    xmlns:skos="http://www.w3.org/2004/02/skos/core#" 
    xmlns:svcs="http://rdfs.org/sioc/services#" 
    xmlns:wgs84="http://www.w3.org/2003/01/geo/wgs84_pos#" 
    xmlns:xalan="http://xml.apache.org/xalan">
    <edm:ProvidedCHO rdf:about="#example_direct_Sound_1">
        <dc:title xml:lang="en">Sound Direct Example Record Tier 1</dc:title>
        <dc:type rdf:resource="http://vocab.getty.edu/aat/300026657"/>
        <dc:format rdf:resource="http://vocab.getty.edu/aat/300200529"/>
        <dc:subject>European Culture and politics</dc:subject>
        <dc:language>deu</dc:language>
        <dcterms:created>1951</dcterms:created>
        <dcterms:isPartOf>Europeana Foundation Example Records</dcterms:isPartOf>
        <edm:type>SOUND</edm:type>
    </edm:ProvidedCHO>
    <ore:Aggregation rdf:about="#example_direct_Sound_1_AGG">
        <edm:aggregatedCHO rdf:resource="#example_direct_Sound_1"/>
        <edm:isShownAt rdf:resource="https://soundcloud.com/beeldengeluid/rede-gerbrand-aen5565825h"/>
        <edm:dataProvider>Europeana Foundation</edm:dataProvider>
        <edm:provider>Europeana Foundation</edm:provider>
        <edm:rights rdf:resource="http://rightsstatements.org/vocab/InC/1.0/"/>
    </ore:Aggregation>
</rdf:RDF>
