<?xml version="1.0" encoding="utf-8"?>
<rdf:RDF
    xmlns:dc="http://purl.org/dc/elements/1.1/"
    xmlns:dcterms="http://purl.org/dc/terms/"
    xmlns:edm="http://www.europeana.eu/schemas/edm/"
    xmlns:ore="http://www.openarchives.org/ore/terms/"
    xmlns:rdf="http://www.w3.org/1999/02/22-rdf-syntax-ns#"
    xmlns:doap="http://usefulinc.com/ns/doap#"
    xmlns:svcs="http://rdfs.org/sioc/services#">
    <edm:ProvidedCHO rdf:about="#example_IIIF_Image_4">
        <dc:description xml:lang="en">Letter on the top: H.</dc:description>
        <dc:identifier>1887.1/item:360462</dc:identifier>
        <dc:identifier>PK-P-148.045</dc:identifier>
        <dc:publisher>J. Bouwer en de Wed. J. Ratelband</dc:publisher>
        <dc:rights xml:lang="en">Use of this resource is governed by the terms and conditions of the Creative Commons CC-BY License</dc:rights>
        <dc:title xml:lang="en">Image IIIF Example Record Tier 4</dc:title>
        <dc:type rdf:resource="http://vocab.getty.edu/aat/300417953"/>
        <dc:subject rdf:resource="http://vocab.getty.edu/aat/300411614"/>
        <dc:format xml:lang="en">still image</dc:format>
        <dcterms:issued>1794-1804</dcterms:issued>
        <dcterms:spatial xml:lang="nl">te Amsterdam</dcterms:spatial>
        <dcterms:isPartOf>Europeana Foundation Example Records</dcterms:isPartOf>
        <edm:currentLocation rdf:resource="https://sws.geonames.org/2751773/"/>
        <edm:type>IMAGE</edm:type>
    </edm:ProvidedCHO>
    <ore:Aggregation rdf:about="#example_IIIF_Image_4_AGG">
        <edm:aggregatedCHO rdf:resource="#example_IIIF_Image_4"/>
        <edm:dataProvider>Europeana Foundation</edm:dataProvider>
        <edm:isShownAt rdf:resource="http://hdl.handle.net/1887.1/item:360462"/>
        <edm:isShownBy rdf:resource="https://iiif.universiteitleiden.nl/iiif/2/hdl%3A1887.1%2Fitem%3A360462/full/full/0/default.jpg"/>
        <edm:object rdf:resource="https://iiif.universiteitleiden.nl/iiif/2/hdl%3A1887.1%2Fitem%3A360462/full/512,/0/default.jpg"/>
        <edm:provider>Europeana Foundation</edm:provider>
        <edm:rights rdf:resource="http://creativecommons.org/publicdomain/mark/1.0/"/>
    </ore:Aggregation>
    <edm:WebResource rdf:about="https://iiif.universiteitleiden.nl/iiif/2/hdl%3A1887.1%2Fitem%3A360462/full/full/0/default.jpg">
        <dc:format>jpg</dc:format>
        <dcterms:created>2017</dcterms:created>
        <dcterms:isReferencedBy rdf:resource="https://digitalcollections.universiteitleiden.nl/iiif_manifest/item%3A360462/manifest"/>
        <svcs:has_service rdf:resource="https://iiif.universiteitleiden.nl/iiif/2/hdl%3A1887.1%2Fitem%3A360462"/>
        <dc:rights>Use of this resource is governed by the terms and conditions of the Creative Commons CC BY License</dc:rights>
        <edm:rights rdf:resource="http://creativecommons.org/publicdomain/mark/1.0/"/>
    </edm:WebResource>
    <svcs:Service rdf:about="https://iiif.universiteitleiden.nl/iiif/2/hdl%3A1887.1%2Fitem%3A360462">
        <dcterms:conformsTo rdf:resource="http://iiif.io/api/image"/>
        <doap:implements rdf:resource="http://iiif.io/api/image/2/level2.json"/>
    </svcs:Service>
</rdf:RDF>